Date,Start Time,End Time,Field (Alias),Field,Venue,Event Type,Identifier,Organization,Secondary Organization,Schedule,Category,Home Team,Away Team,Practice Teams,Practice Type,Timeslot Type,Timeslot Sub Type,Timeslot Shared Leagues,Timeslot Category Restrictions,Comments,Notes
2025-05-03,09:00,11:00,,Parc Moussette,Parc Moussette,Slot,,ASSOCIATION BASEBALL FÉMININ OUTAOUAIS,,,,,,,,,,,,,
2025-05-03,11:00,13:00,,Parc Moussette,Parc Moussette,Slot,,ASSOCIATION BASEBALL FÉMININ OUTAOUAIS,,,,,,,,,,,,,
2025-05-03,13:00,15:00,,Parc Moussette,Parc Moussette,Slot,,ASSOCIATION BASEBALL FÉMININ OUTAOUAIS,,,,,,,,,,,,,
2025-05-03,15:00,17:00,,Parc Moussette,Parc Moussette,Slot,,ASSOCIATION BASEBALL FÉMININ OUTAOUAIS,,,,,,,,,,,,,
2025-05-04,18:30,20:00,,Parc Moussette,Parc Moussette,Slot,,ASSOCIATION BASEBALL AMATEUR DE HULL,,,,,,,,,,,"13U A Mixed, 15U B Male, 15U B Female, 13U A Male, 13U A Female",,
2025-05-05,18:30,20:00,,Parc Moussette,Parc Moussette,Slot,,ASSOCIATION BASEBALL AMATEUR DE HULL,,,,,,,,,,,"13U A Mixed, 15U B Male, 15U B Female, 13U A Male, 13U A Female",,
2025-05-06,18:30,20:00,,Parc Moussette,Parc Moussette,Slot,,ASSOCIATION BASEBALL AMATEUR DE HULL,,,,,,,,,,,"13U A Mixed, 15U B Male, 15U B Female, 13U A Male, 13U A Female",,
2025-05-07,18:30,20:00,,Parc Moussette,Parc Moussette,Slot,,ASSOCIATION BASEBALL AMATEUR DE HULL,,,,,,,,,,,"13U A Mixed, 15U B Male, 15U B Female, 13U A Male, 13U A Female",,
2025-05-08,18:30,20:00,,Parc Moussette,Parc Moussette,Slot,,ASSOCIATION BASEBALL AMATEUR DE HULL,,,,,,,,,,,"13U A Mixed, 15U B Male, 15U B Female, 13U A Male, 13U A Female",,
2025-05-09,18:30,20:00,,Parc Moussette,Parc Moussette,Slot,,ASSOCIATION BASEBALL AMATEUR DE HULL,,,,,,,,,,,"13U A Mixed, 15U B Male, 15U B Female, 13U A Male, 13U A Female",,
2025-05-10,09:00,11:00,,Parc Moussette,Parc Moussette,Slot,,ASSOCIATION BASEBALL FÉMININ OUTAOUAIS,,,,,,,,,,,,,
2025-05-10,11:00,13:00,,Parc Moussette,Parc Moussette,Slot,,ASSOCIATION BASEBALL FÉMININ OUTAOUAIS,,,,,,,,,,,,,
2025-05-10,13:00,15:00,,Parc Moussette,Parc Moussette,Slot,,ASSOCIATION BASEBALL FÉMININ OUTAOUAIS,,,,,,,,,,,,,
2025-05-10,15:00,17:00,,Parc Moussette,Parc Moussette,Slot,,ASSOCIATION BASEBALL FÉMININ OUTAOUAIS,,,,,,,,,,,,,
2025-05-10,18:30,20:00,,Parc Moussette,Parc Moussette,Slot,,ASSOCIATION BASEBALL AMATEUR DE HULL,,,,,,,,,,,"13U A Mixed, 15U B Male, 15U B Female, 13U A Male, 13U A Female",,
2025-05-11,10:00,12:00,,Parc Moussette,Parc Moussette,Slot,,ASSOCIATION BASEBALL FÉMININ OUTAOUAIS,,,,,,,,,,,,,
2025-05-11,12:00,14:00,,Parc Moussette,Parc Moussette,Slot,,ASSOCIATION BASEBALL FÉMININ OUTAOUAIS,,,,,,,,,,,,,
2025-05-11,14:00,16:00,,Parc Moussette,Parc Moussette,Slot,,ASSOCIATION BASEBALL FÉMININ OUTAOUAIS,,,,,,,,,,,,,
2025-05-11,18:30,20:00,,Parc Moussette,Parc Moussette,Slot,,ASSOCIATION BASEBALL AMATEUR DE HULL,,,,,,,,,,,"13U A Mixed, 15U B Male, 15U B Female, 13U A Male, 13U A Female",,
2025-05-12,18:30,20:30,,Parc Moussette,Parc Moussette,Slot,,ASSOCIATION BASEBALL AMATEUR DE HULL,,,,,,,,,,,"13U A Mixed, 15U B Male, 15U B Female, 13U A Male, 13U A Female",,
2025-05-13,18:30,20:00,,Parc Moussette,Parc Moussette,Slot,,ASSOCIATION BASEBALL AMATEUR DE HULL,,,,,,,,,,,"13U A Mixed, 15U B Male, 15U B Female, 13U A Male, 13U A Female",,
2025-05-14,18:30,20:00,,Parc Moussette,Parc Moussette,Slot,,ASSOCIATION BASEBALL AMATEUR DE HULL,,,,,,,,,,,"13U A Mixed, 15U B Male, 15U B Female, 13U A Male, 13U A Female",,
2025-05-15,18:30,20:00,,Parc Moussette,Parc Moussette,Slot,,ASSOCIATION BASEBALL AMATEUR DE HULL,,,,,,,,,,,"13U A Mixed, 15U B Male, 15U B Female, 13U A Male, 13U A Female",,
2025-05-16,18:30,20:00,,Parc Moussette,Parc Moussette,Slot,,ASSOCIATION BASEBALL AMATEUR DE HULL,,,,,,,,,,,"13U A Mixed, 15U B Male, 15U B Female, 13U A Male, 13U A Female",,
2025-05-17,18:30,20:00,,Parc Moussette,Parc Moussette,Slot,,ASSOCIATION BASEBALL AMATEUR DE HULL,,,,,,,,,,,"13U A Mixed, 15U B Male, 15U B Female, 13U A Male, 13U A Female",,
2025-05-18,10:00,12:00,,Parc Moussette,Parc Moussette,Slot,,ASSOCIATION BASEBALL FÉMININ OUTAOUAIS,,,,,,,,,,,,,
2025-05-18,12:00,14:00,,Parc Moussette,Parc Moussette,Slot,,ASSOCIATION BASEBALL FÉMININ OUTAOUAIS,,,,,,,,,,,,,
2025-05-18,14:00,16:00,,Parc Moussette,Parc Moussette,Slot,,ASSOCIATION BASEBALL FÉMININ OUTAOUAIS,,,,,,,,,,,,,
2025-05-18,18:30,20:00,,Parc Moussette,Parc Moussette,Slot,,ASSOCIATION BASEBALL AMATEUR DE HULL,,,,,,,,,,,"13U A Mixed, 15U B Male, 15U B Female, 13U A Male, 13U A Female",,
2025-05-19,18:30,20:00,,Parc Moussette,Parc Moussette,Slot,,ASSOCIATION BASEBALL AMATEUR DE HULL,,,,,,,,,,,"13U A Mixed, 15U B Male, 15U B Female, 13U A Male, 13U A Female",,
2025-05-20,18:30,20:00,,Parc Moussette,Parc Moussette,Slot,,ASSOCIATION BASEBALL AMATEUR DE HULL,,,,,,,,,,,"13U A Mixed, 15U B Male, 15U B Female, 13U A Male, 13U A Female",,
2025-05-21,18:30,20:00,,Parc Moussette,Parc Moussette,Slot,,ASSOCIATION BASEBALL AMATEUR DE HULL,,,,,,,,,,,"13U A Mixed, 15U B Male, 15U B Female, 13U A Male, 13U A Female",,
2025-05-22,18:30,20:00,,Parc Moussette,Parc Moussette,Slot,,ASSOCIATION BASEBALL AMATEUR DE HULL,,,,,,,,,,,"13U A Mixed, 15U B Male, 15U B Female, 13U A Male, 13U A Female",,
2025-05-23,18:30,20:00,,Parc Moussette,Parc Moussette,Slot,,ASSOCIATION BASEBALL AMATEUR DE HULL,,,,,,,,,,,"13U A Mixed, 15U B Male, 15U B Female, 13U A Male, 13U A Female",,
2025-05-24,09:00,11:00,,Parc Moussette,Parc Moussette,Slot,,ASSOCIATION BASEBALL FÉMININ OUTAOUAIS,,,,,,,,,,,,,
2025-05-24,11:00,13:00,,Parc Moussette,Parc Moussette,Slot,,ASSOCIATION BASEBALL FÉMININ OUTAOUAIS,,,,,,,,,,,,,
2025-05-24,13:00,15:00,,Parc Moussette,Parc Moussette,Slot,,ASSOCIATION BASEBALL FÉMININ OUTAOUAIS,,,,,,,,,,,,,
2025-05-24,15:00,17:00,,Parc Moussette,Parc Moussette,Slot,,ASSOCIATION BASEBALL FÉMININ OUTAOUAIS,,,,,,,,,,,,,
2025-05-24,18:30,20:00,,Parc Moussette,Parc Moussette,Slot,,ASSOCIATION BASEBALL AMATEUR DE HULL,,,,,,,,,,,"13U A Mixed, 15U B Male, 15U B Female, 13U A Male, 13U A Female",,
2025-05-25,18:30,20:00,,Parc Moussette,Parc Moussette,Slot,,ASSOCIATION BASEBALL AMATEUR DE HULL,,,,,,,,,,,"13U A Mixed, 15U B Male, 15U B Female, 13U A Male, 13U A Female",,
2025-05-26,18:30,20:00,,Parc Moussette,Parc Moussette,Slot,,ASSOCIATION BASEBALL AMATEUR DE HULL,,,,,,,,,,,"13U A Mixed, 15U B Male, 15U B Female, 13U A Male, 13U A Female",,
2025-05-27,18:30,20:00,,Parc Moussette,Parc Moussette,Slot,,ASSOCIATION BASEBALL AMATEUR DE HULL,,,,,,,,,,,"13U A Mixed, 15U B Male, 15U B Female, 13U A Male, 13U A Female",,
2025-05-28,18:30,20:00,,Parc Moussette,Parc Moussette,Slot,,ASSOCIATION BASEBALL AMATEUR DE HULL,,,,,,,,,,,"13U A Mixed, 15U B Male, 15U B Female, 13U A Male, 13U A Female",,
2025-05-29,18:30,20:00,,Parc Moussette,Parc Moussette,Slot,,ASSOCIATION BASEBALL AMATEUR DE HULL,,,,,,,,,,,"13U A Mixed, 15U B Male, 15U B Female, 13U A Male, 13U A Female",,
2025-05-30,18:30,20:00,,Parc Moussette,Parc Moussette,Slot,,ASSOCIATION BASEBALL AMATEUR DE HULL,,,,,,,,,,,"13U A Mixed, 15U B Male, 15U B Female, 13U A Male, 13U A Female",,
2025-05-31,18:30,20:00,,Parc Moussette,Parc Moussette,Slot,,ASSOCIATION BASEBALL AMATEUR DE HULL,,,,,,,,,,,"13U A Mixed, 15U B Male, 15U B Female, 13U A Male, 13U A Female",,
2025-06-02,18:15,20:15,,Parc Moussette,Parc Moussette,Slot,,ASSOCIATION BASEBALL AMATEUR DE HULL,,,,,,,,,,LIGUE DE BASEBALL DE L'OUTAOUAIS,"13U A Mixed, 15U B Male, 15U B Female, 13U A Male, 13U A Female, 13U B Mixed, 13U B Female, 13U B Male, 15U A Mixed, 15U A Female, 15U A Male",,
2025-06-02,20:15,22:15,,Parc Moussette,Parc Moussette,Slot,,ASSOCIATION BASEBALL AMATEUR DE HULL,,,,,,,,,,LIGUE DE BASEBALL DE L'OUTAOUAIS,"13U A Mixed, 15U B Male, 15U B Female, 13U A Male, 13U A Female, 13U B Mixed, 13U B Female, 13U B Male, 15U A Mixed, 15U A Female, 15U A Male",,
2025-06-03,18:15,20:15,,Parc Moussette,Parc Moussette,Slot,,ASSOCIATION BASEBALL AMATEUR DE HULL,,,,,,,,,,LIGUE DE BASEBALL DE L'OUTAOUAIS,"13U A Mixed, 15U B Male, 15U B Female, 13U A Male, 13U A Female, 13U B Mixed, 13U B Female, 13U B Male, 15U A Mixed, 15U A Female, 15U A Male",,
2025-06-03,20:15,22:15,,Parc Moussette,Parc Moussette,Slot,,ASSOCIATION BASEBALL AMATEUR DE HULL,,,,,,,,,,LIGUE DE BASEBALL DE L'OUTAOUAIS,"13U A Mixed, 15U B Male, 15U B Female, 13U A Male, 13U A Female, 13U B Mixed, 13U B Female, 13U B Male, 15U A Mixed, 15U A Female, 15U A Male",,
2025-06-04,18:15,20:15,,Parc Moussette,Parc Moussette,Slot,,ASSOCIATION BASEBALL AMATEUR DE HULL,,,,,,,,,,LIGUE DE BASEBALL DE L'OUTAOUAIS,"13U A Mixed, 15U B Female, 13U A Male, 13U A Female, 13U B Mixed, 13U B Female, 13U B Male, 15U A Mixed, 15U A Female, 15U A Male",,
2025-06-04,20:15,22:15,,Parc Moussette,Parc Moussette,Slot,,ASSOCIATION BASEBALL AMATEUR DE HULL,ASSOCIATION DE BASEBALL AMATEUR D'AYLMER,,,,,,,,,LIGUE DE BASEBALL DE L'OUTAOUAIS,"13U A Mixed, 15U B Male, 15U B Female, 13U A Male, 13U A Female, 13U B Mixed, 13U B Female, 13U B Male, 15U A Mixed, 15U A Female, 15U A Male",,
2025-06-05,18:15,20:15,,Parc Moussette,Parc Moussette,Slot,,ASSOCIATION BASEBALL AMATEUR DE HULL,,,,,,,,,,LIGUE DE BASEBALL DE L'OUTAOUAIS,"13U A Mixed, 15U B Male, 15U B Female, 13U A Male, 13U A Female, 13U B Mixed, 13U B Female, 13U B Male, 15U A Mixed, 15U A Female, 15U A Male",,
2025-06-05,20:15,22:15,,Parc Moussette,Parc Moussette,Slot,,ASSOCIATION BASEBALL AMATEUR DE HULL,,,,,,,,,,LIGUE DE BASEBALL DE L'OUTAOUAIS,"13U A Mixed, 15U B Male, 15U B Female, 13U A Male, 13U A Female, 13U B Mixed, 13U B Female, 13U B Male, 15U A Mixed, 15U A Female, 15U A Male",,
2025-06-06,18:15,20:15,,Parc Moussette,Parc Moussette,Slot,,ASSOCIATION BASEBALL AMATEUR DE HULL,ASSOCIATION DE BASEBALL AMATEUR D'AYLMER,,,,,,,,,LIGUE DE BASEBALL DE L'OUTAOUAIS,"13U A Mixed, 15U B Male, 15U B Female, 13U A Male, 13U A Female, 13U B Mixed, 13U B Female, 13U B Male, 15U A Mixed, 15U A Female, 15U A Male",,
2025-06-06,20:15,22:15,,Parc Moussette,Parc Moussette,Slot,,ASSOCIATION BASEBALL AMATEUR DE HULL,,,,,,,,,,LIGUE DE BASEBALL DE L'OUTAOUAIS,"13U A Mixed, 15U B Male, 15U B Female, 13U A Male, 13U A Female, 13U B Mixed, 13U B Female, 13U B Male, 15U A Mixed, 15U A Female, 15U A Male",,
2025-06-07,09:00,11:00,,Parc Moussette,Parc Moussette,Slot,,ASSOCIATION BASEBALL FÉMININ OUTAOUAIS,,,,,,,,,,,,,
2025-06-07,11:00,13:00,,Parc Moussette,Parc Moussette,Slot,,ASSOCIATION BASEBALL FÉMININ OUTAOUAIS,,,,,,,,,,,,,
2025-06-07,13:00,15:00,,Parc Moussette,Parc Moussette,Slot,,ASSOCIATION BASEBALL FÉMININ OUTAOUAIS,,,,,,,,,,,,,
2025-06-07,15:00,17:00,,Parc Moussette,Parc Moussette,Slot,,ASSOCIATION BASEBALL FÉMININ OUTAOUAIS,,,,,,,,,,,,,
2025-06-07,18:15,20:15,,Parc Moussette,Parc Moussette,Slot,,ASSOCIATION BASEBALL AMATEUR DE HULL,,,,,,,,,,,"13U A Mixed, 15U B Male, 15U B Female, 13U A Male, 13U A Female",,
2025-06-08,10:00,12:00,,Parc Moussette,Parc Moussette,Slot,,ASSOCIATION BASEBALL FÉMININ OUTAOUAIS,,,,,,,,,,,,,
2025-06-08,12:00,14:00,,Parc Moussette,Parc Moussette,Slot,,ASSOCIATION BASEBALL FÉMININ OUTAOUAIS,,,,,,,,,,,,,
2025-06-08,14:00,16:00,,Parc Moussette,Parc Moussette,Slot,,ASSOCIATION BASEBALL FÉMININ OUTAOUAIS,,,,,,,,,,,,,
2025-06-08,18:15,20:15,,Parc Moussette,Parc Moussette,Slot,,ASSOCIATION BASEBALL AMATEUR DE HULL,,,,,,,,,,,"13U A Mixed, 15U B Male, 15U B Female, 13U A Male, 13U A Female",,
2025-06-09,18:15,20:15,,Parc Moussette,Parc Moussette,Slot,,ASSOCIATION BASEBALL AMATEUR DE HULL,,,,,,,,,,LIGUE DE BASEBALL DE L'OUTAOUAIS,"13U A Mixed, 15U B Male, 15U B Female, 13U A Male, 13U A Female, 13U B Mixed, 13U B Female, 13U B Male, 15U A Mixed, 15U A Female, 15U A Male",,
2025-06-09,20:15,22:15,,Parc Moussette,Parc Moussette,Slot,,ASSOCIATION BASEBALL AMATEUR DE HULL,,,,,,,,,,LIGUE DE BASEBALL DE L'OUTAOUAIS,"13U A Mixed, 15U B Male, 15U B Female, 13U A Male, 13U A Female, 13U B Mixed, 13U B Female, 13U B Male, 15U A Mixed, 15U A Female, 15U A Male",,
2025-06-10,18:15,20:15,,Parc Moussette,Parc Moussette,Slot,,ASSOCIATION BASEBALL AMATEUR DE HULL,,,,,,,,,,LIGUE DE BASEBALL DE L'OUTAOUAIS,"13U A Mixed, 15U B Male, 15U B Female, 13U A Male, 13U A Female, 13U B Mixed, 13U B Female, 13U B Male, 15U A Mixed, 15U A Female, 15U A Male",,
2025-06-10,20:15,22:15,,Parc Moussette,Parc Moussette,Slot,,ASSOCIATION BASEBALL AMATEUR DE HULL,,,,,,,,,,LIGUE DE BASEBALL DE L'OUTAOUAIS,"13U A Mixed, 15U B Male, 15U B Female, 13U A Male, 13U A Female, 13U B Mixed, 13U B Female, 13U B Male, 15U A Mixed, 15U A Female, 15U A Male",,
2025-06-11,18:15,20:15,,Parc Moussette,Parc Moussette,Slot,,ASSOCIATION BASEBALL AMATEUR DE HULL,,,,,,,,,,LIGUE DE BASEBALL DE L'OUTAOUAIS,"13U A Mixed, 15U B Male, 15U B Female, 13U A Male, 13U A Female, 13U B Mixed, 13U B Female, 13U B Male, 15U A Mixed, 15U A Female, 15U A Male",,
2025-06-11,20:15,22:15,,Parc Moussette,Parc Moussette,Slot,,ASSOCIATION BASEBALL AMATEUR DE HULL,,,,,,,,,,LIGUE DE BASEBALL DE L'OUTAOUAIS,"13U A Mixed, 15U B Male, 15U B Female, 13U A Male, 13U A Female, 13U B Mixed, 13U B Female, 13U B Male, 15U A Mixed, 15U A Female, 15U A Male",,
2025-06-12,18:15,20:15,,Parc Moussette,Parc Moussette,Slot,,ASSOCIATION BASEBALL AMATEUR DE HULL,,,,,,,,,,LIGUE DE BASEBALL DE L'OUTAOUAIS,"13U A Mixed, 15U B Male, 15U B Female, 13U A Male, 13U A Female, 13U B Mixed, 13U B Female, 13U B Male, 15U A Mixed, 15U A Female, 15U A Male",,
2025-06-12,20:15,22:15,,Parc Moussette,Parc Moussette,Slot,,ASSOCIATION BASEBALL AMATEUR DE HULL,,,,,,,,,,LIGUE DE BASEBALL DE L'OUTAOUAIS,"13U A Mixed, 15U B Male, 15U B Female, 13U A Male, 13U A Female, 13U B Mixed, 13U B Female, 13U B Male, 15U A Mixed, 15U A Female, 15U A Male",,
2025-06-13,18:15,20:15,,Parc Moussette,Parc Moussette,Slot,,ASSOCIATION BASEBALL AMATEUR DE HULL,,,,,,,,,,LIGUE DE BASEBALL DE L'OUTAOUAIS,"13U A Mixed, 15U B Male, 15U B Female, 13U A Male, 13U A Female, 13U B Mixed, 13U B Female, 13U B Male, 15U A Mixed, 15U A Female, 15U A Male",,
2025-06-13,20:15,22:15,,Parc Moussette,Parc Moussette,Slot,,ASSOCIATION BASEBALL AMATEUR DE HULL,,,,,,,,,,LIGUE DE BASEBALL DE L'OUTAOUAIS,"13U A Mixed, 15U B Male, 15U B Female, 13U A Male, 13U A Female, 13U B Mixed, 13U B Female, 13U B Male, 15U A Mixed, 15U A Female, 15U A Male",,
2025-06-14,09:00,11:00,,Parc Moussette,Parc Moussette,Slot,,ASSOCIATION BASEBALL FÉMININ OUTAOUAIS,,,,,,,,,,,,,
2025-06-14,18:15,20:15,,Parc Moussette,Parc Moussette,Slot,,ASSOCIATION BASEBALL AMATEUR DE HULL,,,,,,,,,,,"13U A Mixed, 15U B Male, 15U B Female, 13U A Male, 13U A Female",,
2025-06-15,10:00,12:00,,Parc Moussette,Parc Moussette,Slot,,ASSOCIATION BASEBALL FÉMININ OUTAOUAIS,,,,,,,,,,,,,
2025-06-15,12:00,14:00,,Parc Moussette,Parc Moussette,Slot,,ASSOCIATION BASEBALL FÉMININ OUTAOUAIS,,,,,,,,,,,,,
2025-06-15,14:00,16:00,,Parc Moussette,Parc Moussette,Slot,,ASSOCIATION BASEBALL FÉMININ OUTAOUAIS,,,,,,,,,,,,,
2025-06-15,18:15,20:15,,Parc Moussette,Parc Moussette,Slot,,ASSOCIATION BASEBALL AMATEUR DE HULL,,,,,,,,,,,"13U A Mixed, 15U B Male, 15U B Female, 13U A Male, 13U A Female",,
2025-06-16,18:15,20:15,,Parc Moussette,Parc Moussette,Slot,,ASSOCIATION BASEBALL AMATEUR DE HULL,,,,,,,,,,LIGUE DE BASEBALL DE L'OUTAOUAIS,"13U A Mixed, 15U B Male, 15U B Female, 13U A Male, 13U A Female, 13U B Mixed, 13U B Female, 13U B Male, 15U A Mixed, 15U A Female, 15U A Male",,
2025-06-16,20:15,22:15,,Parc Moussette,Parc Moussette,Slot,,ASSOCIATION BASEBALL AMATEUR DE HULL,,,,,,,,,,LIGUE DE BASEBALL DE L'OUTAOUAIS,"13U A Mixed, 15U B Male, 15U B Female, 13U A Male, 13U A Female, 13U B Mixed, 13U B Female, 13U B Male, 15U A Mixed, 15U A Female, 15U A Male",,
2025-06-17,18:15,20:15,,Parc Moussette,Parc Moussette,Slot,,ASSOCIATION BASEBALL AMATEUR DE HULL,,,,,,,,,,LIGUE DE BASEBALL DE L'OUTAOUAIS,"13U A Mixed, 15U B Male, 15U B Female, 13U A Male, 13U A Female, 13U B Mixed, 13U B Female, 13U B Male, 15U A Mixed, 15U A Female, 15U A Male",,
2025-06-17,20:15,22:15,,Parc Moussette,Parc Moussette,Slot,,ASSOCIATION BASEBALL AMATEUR DE HULL,,,,,,,,,,LIGUE DE BASEBALL DE L'OUTAOUAIS,"13U A Mixed, 15U B Male, 15U B Female, 13U A Male, 13U A Female, 13U B Mixed, 13U B Female, 13U B Male, 15U A Mixed, 15U A Female, 15U A Male",,
2025-06-18,18:15,20:15,,Parc Moussette,Parc Moussette,Slot,,ASSOCIATION BASEBALL AMATEUR DE HULL,,,,,,,,,,LIGUE DE BASEBALL DE L'OUTAOUAIS,"13U A Mixed, 15U B Male, 15U B Female, 13U A Male, 13U A Female, 13U B Mixed, 13U B Female, 13U B Male, 15U A Mixed, 15U A Female, 15U A Male",,
2025-06-18,20:15,22:15,,Parc Moussette,Parc Moussette,Slot,,ASSOCIATION BASEBALL AMATEUR DE HULL,,,,,,,,,,LIGUE DE BASEBALL DE L'OUTAOUAIS,"13U A Mixed, 15U B Male, 15U B Female, 13U A Male, 13U A Female, 13U B Mixed, 13U B Female, 13U B Male, 15U A Mixed, 15U A Female, 15U A Male",,
2025-06-19,18:15,20:15,,Parc Moussette,Parc Moussette,Slot,,ASSOCIATION BASEBALL AMATEUR DE HULL,,,,,,,,,,LIGUE DE BASEBALL DE L'OUTAOUAIS,"13U A Mixed, 15U B Male, 15U B Female, 13U A Male, 13U A Female, 13U B Mixed, 13U B Female, 13U B Male, 15U A Mixed, 15U A Female, 15U A Male",,
2025-06-19,20:15,22:15,,Parc Moussette,Parc Moussette,Slot,,ASSOCIATION BASEBALL AMATEUR DE HULL,,,,,,,,,,LIGUE DE BASEBALL DE L'OUTAOUAIS,"13U A Mixed, 15U B Male, 15U B Female, 13U A Male, 13U A Female, 13U B Mixed, 13U B Female, 13U B Male, 15U A Mixed, 15U A Female, 15U A Male",,
2025-06-20,18:15,20:15,,Parc Moussette,Parc Moussette,Slot,,ASSOCIATION BASEBALL AMATEUR DE HULL,,,,,,,,,,LIGUE DE BASEBALL DE L'OUTAOUAIS,"13U A Mixed, 15U B Male, 15U B Female, 13U A Male, 13U A Female, 13U B Mixed, 13U B Female, 13U B Male, 15U A Mixed, 15U A Female, 15U A Male",,
2025-06-20,20:15,22:15,,Parc Moussette,Parc Moussette,Slot,,ASSOCIATION BASEBALL AMATEUR DE HULL,,,,,,,,,,LIGUE DE BASEBALL DE L'OUTAOUAIS,"13U A Mixed, 15U B Male, 15U B Female, 13U A Male, 13U A Female, 13U B Mixed, 13U B Female, 13U B Male, 15U A Mixed, 15U A Female, 15U A Male",,
2025-06-21,09:00,11:00,,Parc Moussette,Parc Moussette,Slot,,ASSOCIATION BASEBALL FÉMININ OUTAOUAIS,,,,,,,,,,,,,
2025-06-21,11:00,13:00,,Parc Moussette,Parc Moussette,Slot,,ASSOCIATION BASEBALL FÉMININ OUTAOUAIS,,,,,,,,,,,,,
2025-06-21,13:00,15:00,,Parc Moussette,Parc Moussette,Slot,,ASSOCIATION BASEBALL FÉMININ OUTAOUAIS,,,,,,,,,,,,,
2025-06-21,15:00,17:00,,Parc Moussette,Parc Moussette,Slot,,ASSOCIATION BASEBALL FÉMININ OUTAOUAIS,,,,,,,,,,,,,
2025-06-21,18:15,20:15,,Parc Moussette,Parc Moussette,Slot,,ASSOCIATION BASEBALL AMATEUR DE HULL,,,,,,,,,,,"13U A Mixed, 15U B Male, 15U B Female, 13U A Male, 13U A Female",,
2025-06-22,10:00,12:00,,Parc Moussette,Parc Moussette,Slot,,ASSOCIATION BASEBALL FÉMININ OUTAOUAIS,,,,,,,,,,,,,
2025-06-22,12:00,14:00,,Parc Moussette,Parc Moussette,Slot,,ASSOCIATION BASEBALL FÉMININ OUTAOUAIS,,,,,,,,,,,,,
2025-06-22,14:00,16:00,,Parc Moussette,Parc Moussette,Slot,,ASSOCIATION BASEBALL FÉMININ OUTAOUAIS,,,,,,,,,,,,,
2025-06-22,18:15,20:15,,Parc Moussette,Parc Moussette,Slot,,ASSOCIATION BASEBALL AMATEUR DE HULL,,,,,,,,,,,"13U A Mixed, 15U B Male, 15U B Female, 13U A Male, 13U A Female",,
2025-06-23,18:15,20:15,,Parc Moussette,Parc Moussette,Slot,,ASSOCIATION BASEBALL AMATEUR DE HULL,,,,,,,,,,LIGUE DE BASEBALL DE L'OUTAOUAIS,"13U A Mixed, 15U B Male, 15U B Female, 13U A Male, 13U A Female, 13U B Mixed, 13U B Female, 13U B Male, 15U A Mixed, 15U A Female, 15U A Male",,
2025-06-23,20:15,22:15,,Parc Moussette,Parc Moussette,Slot,,ASSOCIATION BASEBALL AMATEUR DE HULL,,,,,,,,,,LIGUE DE BASEBALL DE L'OUTAOUAIS,"13U A Mixed, 15U B Male, 15U B Female, 13U A Male, 13U A Female, 13U B Mixed, 13U B Female, 13U B Male, 15U A Mixed, 15U A Female, 15U A Male",,
2025-06-24,18:15,20:15,,Parc Moussette,Parc Moussette,Slot,,ASSOCIATION BASEBALL AMATEUR DE HULL,,,,,,,,,,LIGUE DE BASEBALL DE L'OUTAOUAIS,"13U A Mixed, 15U B Male, 15U B Female, 13U A Male, 13U A Female, 13U B Mixed, 13U B Female, 13U B Male, 15U A Mixed, 15U A Female, 15U A Male",,
2025-06-24,20:15,22:15,,Parc Moussette,Parc Moussette,Slot,,ASSOCIATION BASEBALL AMATEUR DE HULL,,,,,,,,,,LIGUE DE BASEBALL DE L'OUTAOUAIS,"13U A Mixed, 15U B Male, 15U B Female, 13U A Male, 13U A Female, 13U B Mixed, 13U B Female, 13U B Male, 15U A Mixed, 15U A Female, 15U A Male",,
2025-06-25,18:15,20:15,,Parc Moussette,Parc Moussette,Slot,,ASSOCIATION BASEBALL AMATEUR DE HULL,,,,,,,,,,LIGUE DE BASEBALL DE L'OUTAOUAIS,"13U A Mixed, 15U B Male, 15U B Female, 13U A Male, 13U A Female, 13U B Mixed, 13U B Female, 13U B Male, 15U A Mixed, 15U A Female, 15U A Male",,
2025-06-25,20:15,22:15,,Parc Moussette,Parc Moussette,Slot,,ASSOCIATION BASEBALL AMATEUR DE HULL,,,,,,,,,,LIGUE DE BASEBALL DE L'OUTAOUAIS,"13U A Mixed, 15U B Male, 15U B Female, 13U A Male, 13U A Female, 13U B Mixed, 13U B Female, 13U B Male, 15U A Mixed, 15U A Female, 15U A Male",,
2025-06-26,18:15,20:15,,Parc Moussette,Parc Moussette,Slot,,ASSOCIATION BASEBALL AMATEUR DE HULL,,,,,,,,,,LIGUE DE BASEBALL DE L'OUTAOUAIS,"13U A Mixed, 15U B Male, 15U B Female, 13U A Male, 13U A Female, 13U B Mixed, 13U B Female, 13U B Male, 15U A Mixed, 15U A Female, 15U A Male",,
2025-06-26,20:15,22:15,,Parc Moussette,Parc Moussette,Slot,,ASSOCIATION BASEBALL AMATEUR DE HULL,,,,,,,,,,LIGUE DE BASEBALL DE L'OUTAOUAIS,"13U A Mixed, 15U B Male, 15U B Female, 13U A Male, 13U A Female, 13U B Mixed, 13U B Female, 13U B Male, 15U A Mixed, 15U A Female, 15U A Male",,
2025-06-28,09:00,11:00,,Parc Moussette,Parc Moussette,Slot,,ASSOCIATION BASEBALL FÉMININ OUTAOUAIS,,,,,,,,,,,,,
2025-06-28,11:00,13:00,,Parc Moussette,Parc Moussette,Slot,,ASSOCIATION BASEBALL FÉMININ OUTAOUAIS,,,,,,,,,,,,,
2025-06-28,13:00,15:00,,Parc Moussette,Parc Moussette,Slot,,ASSOCIATION BASEBALL FÉMININ OUTAOUAIS,,,,,,,,,,,,,
2025-06-28,15:00,17:00,,Parc Moussette,Parc Moussette,Slot,,ASSOCIATION BASEBALL FÉMININ OUTAOUAIS,,,,,,,,,,,,,
2025-06-29,10:00,12:00,,Parc Moussette,Parc Moussette,Slot,,ASSOCIATION BASEBALL FÉMININ OUTAOUAIS,,,,,,,,,,,,,
2025-06-29,12:00,14:00,,Parc Moussette,Parc Moussette,Slot,,ASSOCIATION BASEBALL FÉMININ OUTAOUAIS,,,,,,,,,,,,,
2025-06-29,14:00,16:00,,Parc Moussette,Parc Moussette,Slot,,ASSOCIATION BASEBALL FÉMININ OUTAOUAIS,,,,,,,,,,,,,
2025-06-29,16:15,18:15,,Parc Moussette,Parc Moussette,Slot,,ASSOCIATION BASEBALL AMATEUR DE HULL,,,,,,,,,,,,,
2025-06-29,18:15,20:15,,Parc Moussette,Parc Moussette,Slot,,ASSOCIATION BASEBALL AMATEUR DE HULL,,,,,,,,,,,,,
2025-06-29,20:15,22:15,,Parc Moussette,Parc Moussette,Slot,,ASSOCIATION BASEBALL AMATEUR DE HULL,,,,,,,,,,,,,
2025-06-30,18:15,20:15,,Parc Moussette,Parc Moussette,Slot,,ASSOCIATION BASEBALL AMATEUR DE HULL,,,,,,,,,,LIGUE DE BASEBALL DE L'OUTAOUAIS,"13U A Mixed, 15U B Male, 15U B Female, 13U A Male, 13U A Female, 13U B Mixed, 13U B Female, 13U B Male, 15U A Mixed, 15U A Female, 15U A Male",,
2025-06-30,20:15,22:15,,Parc Moussette,Parc Moussette,Slot,,ASSOCIATION BASEBALL AMATEUR DE HULL,,,,,,,,,,LIGUE DE BASEBALL DE L'OUTAOUAIS,"13U A Mixed, 15U B Male, 15U B Female, 13U A Male, 13U A Female, 13U B Mixed, 13U B Female, 13U B Male, 15U A Mixed, 15U A Female, 15U A Male",,
2025-07-01,18:15,20:15,,Parc Moussette,Parc Moussette,Slot,,ASSOCIATION BASEBALL AMATEUR DE HULL,,,,,,,,,,LIGUE DE BASEBALL DE L'OUTAOUAIS,"13U A Mixed, 15U B Male, 15U B Female, 13U A Male, 13U A Female, 13U B Mixed, 13U B Female, 13U B Male, 15U A Mixed, 15U A Female, 15U A Male",,
2025-07-01,20:15,22:15,,Parc Moussette,Parc Moussette,Slot,,ASSOCIATION BASEBALL AMATEUR DE HULL,,,,,,,,,,LIGUE DE BASEBALL DE L'OUTAOUAIS,"13U A Mixed, 15U B Male, 15U B Female, 13U A Male, 13U A Female, 13U B Mixed, 13U B Female, 13U B Male, 15U A Mixed, 15U A Female, 15U A Male",,
2025-07-02,18:15,20:15,,Parc Moussette,Parc Moussette,Slot,,ASSOCIATION BASEBALL AMATEUR DE HULL,,,,,,,,,,LIGUE DE BASEBALL DE L'OUTAOUAIS,"13U A Mixed, 15U B Male, 15U B Female, 13U A Male, 13U A Female, 13U B Mixed, 13U B Female, 13U B Male, 15U A Mixed, 15U A Female, 15U A Male",,
2025-07-02,20:15,22:15,,Parc Moussette,Parc Moussette,Slot,,ASSOCIATION BASEBALL AMATEUR DE HULL,,,,,,,,,,LIGUE DE BASEBALL DE L'OUTAOUAIS,"13U A Mixed, 15U B Male, 15U B Female, 13U A Male, 13U A Female, 13U B Mixed, 13U B Female, 13U B Male, 15U A Mixed, 15U A Female, 15U A Male",,
2025-07-03,18:15,20:15,,Parc Moussette,Parc Moussette,Slot,,ASSOCIATION BASEBALL AMATEUR DE HULL,,,,,,,,,,LIGUE DE BASEBALL DE L'OUTAOUAIS,"13U A Mixed, 15U B Male, 15U B Female, 13U A Male, 13U A Female, 13U B Mixed, 13U B Female, 13U B Male, 15U A Mixed, 15U A Female, 15U A Male",,
2025-07-03,20:15,22:15,,Parc Moussette,Parc Moussette,Slot,,ASSOCIATION BASEBALL AMATEUR DE HULL,,,,,,,,,,LIGUE DE BASEBALL DE L'OUTAOUAIS,"13U A Mixed, 15U B Male, 15U B Female, 13U A Male, 13U A Female, 13U B Mixed, 13U B Female, 13U B Male, 15U A Mixed, 15U A Female, 15U A Male",,
2025-07-04,18:15,20:15,,Parc Moussette,Parc Moussette,Slot,,ASSOCIATION BASEBALL AMATEUR DE HULL,,,,,,,,,,LIGUE DE BASEBALL DE L'OUTAOUAIS,"13U A Mixed, 15U B Male, 15U B Female, 13U A Male, 13U A Female, 13U B Mixed, 13U B Female, 13U B Male, 15U A Mixed, 15U A Female, 15U A Male",,
2025-07-04,20:15,22:15,,Parc Moussette,Parc Moussette,Slot,,ASSOCIATION BASEBALL AMATEUR DE HULL,,,,,,,,,,LIGUE DE BASEBALL DE L'OUTAOUAIS,"13U A Mixed, 15U B Male, 15U B Female, 13U A Male, 13U A Female, 13U B Mixed, 13U B Female, 13U B Male, 15U A Mixed, 15U A Female, 15U A Male",,
2025-07-05,09:00,11:00,,Parc Moussette,Parc Moussette,Slot,,ASSOCIATION BASEBALL FÉMININ OUTAOUAIS,,,,,,,,,,,,,
2025-07-05,11:00,13:00,,Parc Moussette,Parc Moussette,Slot,,ASSOCIATION BASEBALL FÉMININ OUTAOUAIS,,,,,,,,,,,,,
2025-07-05,13:00,15:00,,Parc Moussette,Parc Moussette,Slot,,ASSOCIATION BASEBALL FÉMININ OUTAOUAIS,,,,,,,,,,,,,
2025-07-05,15:00,17:00,,Parc Moussette,Parc Moussette,Slot,,ASSOCIATION BASEBALL FÉMININ OUTAOUAIS,,,,,,,,,,,,,
2025-07-06,10:00,12:00,,Parc Moussette,Parc Moussette,Slot,,ASSOCIATION BASEBALL FÉMININ OUTAOUAIS,,,,,,,,,,,,,
2025-07-06,12:00,14:00,,Parc Moussette,Parc Moussette,Slot,,ASSOCIATION BASEBALL FÉMININ OUTAOUAIS,,,,,,,,,,,,,
2025-07-06,14:00,16:00,,Parc Moussette,Parc Moussette,Slot,,ASSOCIATION BASEBALL FÉMININ OUTAOUAIS,,,,,,,,,,,,,
2025-07-06,16:15,18:15,,Parc Moussette,Parc Moussette,Slot,,ASSOCIATION BASEBALL AMATEUR DE HULL,,,,,,,,,,,,,
2025-07-06,18:15,20:15,,Parc Moussette,Parc Moussette,Slot,,ASSOCIATION BASEBALL AMATEUR DE HULL,ASSOCIATION DE BASEBALL AMATEUR D'AYLMER,,,,,,,,,,"13U A Mixed, 15U B Male, 15U B Female, 13U A Male, 13U A Female",,
2025-07-06,20:15,22:15,,Parc Moussette,Parc Moussette,Slot,,ASSOCIATION BASEBALL AMATEUR DE HULL,,,,,,,,,,,,,
2025-07-07,18:15,20:15,,Parc Moussette,Parc Moussette,Slot,,ASSOCIATION BASEBALL AMATEUR DE HULL,,,,,,,,,,LIGUE DE BASEBALL DE L'OUTAOUAIS,"13U A Mixed, 15U B Male, 15U B Female, 13U A Male, 13U A Female, 13U B Mixed, 13U B Female, 13U B Male, 15U A Mixed, 15U A Female, 15U A Male",,
2025-07-07,20:15,22:15,,Parc Moussette,Parc Moussette,Slot,,ASSOCIATION BASEBALL AMATEUR DE HULL,,,,,,,,,,LIGUE DE BASEBALL DE L'OUTAOUAIS,,,
2025-07-08,18:15,20:15,,Parc Moussette,Parc Moussette,Slot,,ASSOCIATION BASEBALL AMATEUR DE HULL,,,,,,,,,,LIGUE DE BASEBALL DE L'OUTAOUAIS,,,
2025-07-08,20:15,22:15,,Parc Moussette,Parc Moussette,Slot,,ASSOCIATION BASEBALL AMATEUR DE HULL,,,,,,,,,,LIGUE DE BASEBALL DE L'OUTAOUAIS,"13U A Mixed, 15U B Male, 15U B Female, 13U A Male, 13U A Female, 13U B Mixed, 13U B Female, 13U B Male, 15U A Mixed, 15U A Female, 15U A Male",,
2025-07-09,18:15,20:15,,Parc Moussette,Parc Moussette,Slot,,ASSOCIATION BASEBALL AMATEUR DE HULL,,,,,,,,,,LIGUE DE BASEBALL DE L'OUTAOUAIS,,,
2025-07-09,20:15,22:15,,Parc Moussette,Parc Moussette,Slot,,ASSOCIATION BASEBALL AMATEUR DE HULL,,,,,,,,,,LIGUE DE BASEBALL DE L'OUTAOUAIS,"13U A Mixed, 15U B Male, 15U B Female, 13U A Male, 13U A Female, 13U B Mixed, 13U B Female, 13U B Male, 15U A Mixed, 15U A Female, 15U A Male",,
2025-07-10,18:15,20:15,,Parc Moussette,Parc Moussette,Slot,,ASSOCIATION BASEBALL AMATEUR DE HULL,,,,,,,,,,LIGUE DE BASEBALL DE L'OUTAOUAIS,"13U A Mixed, 15U B Male, 15U B Female, 13U A Male, 13U A Female, 13U B Mixed, 13U B Female, 13U B Male, 15U A Mixed, 15U A Female, 15U A Male",,
2025-07-10,20:15,22:15,,Parc Moussette,Parc Moussette,Slot,,ASSOCIATION BASEBALL AMATEUR DE HULL,,,,,,,,,,LIGUE DE BASEBALL DE L'OUTAOUAIS,,,
2025-07-11,18:15,20:15,,Parc Moussette,Parc Moussette,Slot,,ASSOCIATION BASEBALL AMATEUR DE HULL,,,,,,,,,,LIGUE DE BASEBALL DE L'OUTAOUAIS,"13U A Mixed, 15U B Male, 15U B Female, 13U A Male, 13U A Female, 13U B Mixed, 13U B Female, 13U B Male, 15U A Mixed, 15U A Female, 15U A Male",,
2025-07-11,20:15,22:15,,Parc Moussette,Parc Moussette,Slot,,ASSOCIATION BASEBALL AMATEUR DE HULL,,,,,,,,,,LIGUE DE BASEBALL DE L'OUTAOUAIS,"13U A Mixed, 15U B Male, 15U B Female, 13U A Male, 13U A Female, 13U B Mixed, 13U B Female, 13U B Male, 15U A Mixed, 15U A Female, 15U A Male",,
2025-07-12,09:00,11:00,,Parc Moussette,Parc Moussette,Slot,,ASSOCIATION BASEBALL FÉMININ OUTAOUAIS,,,,,,,,,,,,,
2025-07-12,11:00,13:00,,Parc Moussette,Parc Moussette,Slot,,ASSOCIATION BASEBALL FÉMININ OUTAOUAIS,,,,,,,,,,,,,
2025-07-12,13:00,15:00,,Parc Moussette,Parc Moussette,Slot,,ASSOCIATION BASEBALL FÉMININ OUTAOUAIS,,,,,,,,,,,,,
2025-07-12,15:00,17:00,,Parc Moussette,Parc Moussette,Slot,,ASSOCIATION BASEBALL FÉMININ OUTAOUAIS,,,,,,,,,,,,,
2025-07-13,10:00,12:00,,Parc Moussette,Parc Moussette,Slot,,ASSOCIATION BASEBALL FÉMININ OUTAOUAIS,,,,,,,,,,,,,
2025-07-13,12:00,14:00,,Parc Moussette,Parc Moussette,Slot,,ASSOCIATION BASEBALL FÉMININ OUTAOUAIS,,,,,,,,,,,,,
2025-07-13,14:00,16:00,,Parc Moussette,Parc Moussette,Slot,,ASSOCIATION BASEBALL FÉMININ OUTAOUAIS,,,,,,,,,,,,,
2025-07-13,16:15,18:15,,Parc Moussette,Parc Moussette,Slot,,ASSOCIATION BASEBALL AMATEUR DE HULL,,,,,,,,,,,"13U A Mixed, 15U B Male, 15U B Female, 13U A Male, 13U A Female",,
2025-07-13,18:15,20:15,,Parc Moussette,Parc Moussette,Slot,,ASSOCIATION BASEBALL AMATEUR DE HULL,,,,,,,,,,,,,
2025-07-13,20:15,22:15,,Parc Moussette,Parc Moussette,Slot,,ASSOCIATION BASEBALL AMATEUR DE HULL,,,,,,,,,,,,,
2025-07-14,18:15,20:15,,Parc Moussette,Parc Moussette,Slot,,ASSOCIATION BASEBALL AMATEUR DE HULL,,,,,,,,,,LIGUE DE BASEBALL DE L'OUTAOUAIS,"13U A Mixed, 15U B Male, 15U B Female, 13U A Male, 13U A Female, 13U B Mixed, 13U B Female, 13U B Male, 15U A Mixed, 15U A Female, 15U A Male",,
2025-07-14,20:15,22:15,,Parc Moussette,Parc Moussette,Slot,,ASSOCIATION BASEBALL AMATEUR DE HULL,,,,,,,,,,LIGUE DE BASEBALL DE L'OUTAOUAIS,"13U A Mixed, 15U B Male, 15U B Female, 13U A Male, 13U A Female, 13U B Mixed, 13U B Female, 13U B Male, 15U A Mixed, 15U A Female, 15U A Male",,
2025-07-15,18:15,20:15,,Parc Moussette,Parc Moussette,Slot,,ASSOCIATION BASEBALL AMATEUR DE HULL,,,,,,,,,,LIGUE DE BASEBALL DE L'OUTAOUAIS,,,
2025-07-15,20:15,22:15,,Parc Moussette,Parc Moussette,Slot,,ASSOCIATION BASEBALL AMATEUR DE HULL,,,,,,,,,,LIGUE DE BASEBALL DE L'OUTAOUAIS,"13U A Mixed, 15U B Male, 15U B Female, 13U A Male, 13U A Female, 13U B Mixed, 13U B Female, 13U B Male, 15U A Mixed, 15U A Female, 15U A Male",,
2025-07-16,18:15,20:15,,Parc Moussette,Parc Moussette,Slot,,ASSOCIATION BASEBALL AMATEUR DE HULL,,,,,,,,,,LIGUE DE BASEBALL DE L'OUTAOUAIS,,,
2025-07-16,20:15,22:15,,Parc Moussette,Parc Moussette,Slot,,ASSOCIATION BASEBALL AMATEUR DE HULL,,,,,,,,,,LIGUE DE BASEBALL DE L'OUTAOUAIS,"13U A Mixed, 15U B Male, 15U B Female, 13U A Male, 13U A Female, 13U B Mixed, 13U B Female, 13U B Male, 15U A Mixed, 15U A Female, 15U A Male",,
2025-07-17,18:15,20:15,,Parc Moussette,Parc Moussette,Slot,,ASSOCIATION BASEBALL AMATEUR DE HULL,,,,,,,,,,LIGUE DE BASEBALL DE L'OUTAOUAIS,"13U A Mixed, 15U B Male, 15U B Female, 13U A Male, 13U A Female, 13U B Mixed, 13U B Female, 13U B Male, 15U A Mixed, 15U A Female, 15U A Male",,
2025-07-17,20:15,22:15,,Parc Moussette,Parc Moussette,Slot,,ASSOCIATION BASEBALL AMATEUR DE HULL,,,,,,,,,,LIGUE DE BASEBALL DE L'OUTAOUAIS,"13U A Mixed, 15U B Male, 15U B Female, 13U A Male, 13U A Female, 13U B Mixed, 13U B Female, 13U B Male, 15U A Mixed, 15U A Female, 15U A Male",,
2025-07-18,18:15,20:15,,Parc Moussette,Parc Moussette,Slot,,ASSOCIATION BASEBALL AMATEUR DE HULL,,,,,,,,,,LIGUE DE BASEBALL DE L'OUTAOUAIS,"13U A Mixed, 15U B Male, 15U B Female, 13U A Male, 13U A Female, 13U B Mixed, 13U B Female, 13U B Male, 15U A Mixed, 15U A Female, 15U A Male",,
2025-07-18,20:15,22:15,,Parc Moussette,Parc Moussette,Slot,,ASSOCIATION BASEBALL AMATEUR DE HULL,,,,,,,,,,LIGUE DE BASEBALL DE L'OUTAOUAIS,,,
2025-07-19,09:00,11:00,,Parc Moussette,Parc Moussette,Slot,,ASSOCIATION BASEBALL FÉMININ OUTAOUAIS,,,,,,,,,,,,,
2025-07-19,11:00,13:00,,Parc Moussette,Parc Moussette,Slot,,ASSOCIATION BASEBALL FÉMININ OUTAOUAIS,,,,,,,,,,,,,
2025-07-19,13:00,15:00,,Parc Moussette,Parc Moussette,Slot,,ASSOCIATION BASEBALL FÉMININ OUTAOUAIS,,,,,,,,,,,,,
2025-07-19,15:00,17:00,,Parc Moussette,Parc Moussette,Slot,,ASSOCIATION BASEBALL FÉMININ OUTAOUAIS,,,,,,,,,,,,,
2025-07-20,10:00,12:00,,Parc Moussette,Parc Moussette,Slot,,ASSOCIATION BASEBALL FÉMININ OUTAOUAIS,,,,,,,,,,,,,
2025-07-20,12:00,14:00,,Parc Moussette,Parc Moussette,Slot,,ASSOCIATION BASEBALL FÉMININ OUTAOUAIS,,,,,,,,,,,,,
2025-07-20,14:00,16:00,,Parc Moussette,Parc Moussette,Slot,,ASSOCIATION BASEBALL FÉMININ OUTAOUAIS,,,,,,,,,,,,,
2025-07-20,16:15,18:15,,Parc Moussette,Parc Moussette,Slot,,ASSOCIATION BASEBALL AMATEUR DE HULL,,,,,,,,,,,,,
2025-07-20,18:15,20:15,,Parc Moussette,Parc Moussette,Slot,,ASSOCIATION BASEBALL AMATEUR DE HULL,,,,,,,,,,,,,
2025-07-20,20:15,22:15,,Parc Moussette,Parc Moussette,Slot,,ASSOCIATION BASEBALL AMATEUR DE HULL,,,,,,,,,,,,,
2025-07-21,18:15,20:15,,Parc Moussette,Parc Moussette,Slot,,ASSOCIATION BASEBALL AMATEUR DE HULL,,,,,,,,,,LIGUE DE BASEBALL DE L'OUTAOUAIS,"13U A Mixed, 15U B Male, 15U B Female, 13U A Male, 13U A Female, 13U B Mixed, 13U B Female, 13U B Male, 15U A Mixed, 15U A Female, 15U A Male",,
2025-07-21,20:15,22:15,,Parc Moussette,Parc Moussette,Slot,,ASSOCIATION BASEBALL AMATEUR DE HULL,,,,,,,,,,LIGUE DE BASEBALL DE L'OUTAOUAIS,,,
2025-07-22,18:15,20:15,,Parc Moussette,Parc Moussette,Slot,,ASSOCIATION BASEBALL AMATEUR DE HULL,,,,,,,,,,LIGUE DE BASEBALL DE L'OUTAOUAIS,,,
2025-07-22,20:15,22:15,,Parc Moussette,Parc Moussette,Slot,,ASSOCIATION BASEBALL AMATEUR DE HULL,,,,,,,,,,LIGUE DE BASEBALL DE L'OUTAOUAIS,"13U A Mixed, 15U B Male, 15U B Female, 13U A Male, 13U A Female, 13U B Mixed, 13U B Female, 13U B Male, 15U A Mixed, 15U A Female, 15U A Male",,
2025-07-23,18:15,20:15,,Parc Moussette,Parc Moussette,Slot,,ASSOCIATION BASEBALL AMATEUR DE HULL,,,,,,,,,,LIGUE DE BASEBALL DE L'OUTAOUAIS,,,
2025-07-23,20:15,22:15,,Parc Moussette,Parc Moussette,Slot,,ASSOCIATION BASEBALL AMATEUR DE HULL,,,,,,,,,,LIGUE DE BASEBALL DE L'OUTAOUAIS,"13U A Mixed, 15U B Male, 15U B Female, 13U A Male, 13U A Female, 13U B Mixed, 13U B Female, 13U B Male, 15U A Mixed, 15U A Female, 15U A Male",,
2025-07-24,18:15,20:15,,Parc Moussette,Parc Moussette,Slot,,ASSOCIATION BASEBALL AMATEUR DE HULL,,,,,,,,,,LIGUE DE BASEBALL DE L'OUTAOUAIS,"13U A Mixed, 15U B Male, 15U B Female, 13U A Male, 13U A Female, 13U B Mixed, 13U B Female, 13U B Male, 15U A Mixed, 15U A Female, 15U A Male",,
2025-07-24,20:15,22:15,,Parc Moussette,Parc Moussette,Slot,,ASSOCIATION BASEBALL AMATEUR DE HULL,,,,,,,,,,LIGUE DE BASEBALL DE L'OUTAOUAIS,"13U A Mixed, 15U B Male, 15U B Female, 13U A Male, 13U A Female, 13U B Mixed, 13U B Female, 13U B Male, 15U A Mixed, 15U A Female, 15U A Male",,
2025-07-25,18:15,20:15,,Parc Moussette,Parc Moussette,Slot,,ASSOCIATION BASEBALL AMATEUR DE HULL,,,,,,,,,,LIGUE DE BASEBALL DE L'OUTAOUAIS,"13U A Mixed, 15U B Male, 15U B Female, 13U A Male, 13U A Female, 13U B Mixed, 13U B Female, 13U B Male, 15U A Mixed, 15U A Female, 15U A Male",,
2025-07-25,20:15,22:15,,Parc Moussette,Parc Moussette,Slot,,ASSOCIATION BASEBALL AMATEUR DE HULL,,,,,,,,,,LIGUE DE BASEBALL DE L'OUTAOUAIS,"13U A Mixed, 15U B Male, 15U B Female, 13U A Male, 13U A Female, 13U B Mixed, 13U B Female, 13U B Male, 15U A Mixed, 15U A Female, 15U A Male",,
2025-07-27,16:15,18:15,,Parc Moussette,Parc Moussette,Slot,,ASSOCIATION BASEBALL AMATEUR DE HULL,,,,,,,,,,,,,
2025-07-27,18:15,20:15,,Parc Moussette,Parc Moussette,Slot,,ASSOCIATION BASEBALL AMATEUR DE HULL,,,,,,,,,,,,,
2025-07-27,20:15,22:15,,Parc Moussette,Parc Moussette,Slot,,ASSOCIATION BASEBALL AMATEUR DE HULL,,,,,,,,,,LIGUE DE BASEBALL DE L'OUTAOUAIS,,,
2025-07-28,18:15,20:15,,Parc Moussette,Parc Moussette,Slot,,ASSOCIATION BASEBALL AMATEUR DE HULL,,,,,,,,,,LIGUE DE BASEBALL DE L'OUTAOUAIS,,,
2025-07-28,20:15,22:15,,Parc Moussette,Parc Moussette,Slot,,ASSOCIATION BASEBALL AMATEUR DE HULL,,,,,,,,,,LIGUE DE BASEBALL DE L'OUTAOUAIS,"13U A Mixed, 15U B Male, 15U B Female, 13U A Male, 13U A Female, 13U B Mixed, 13U B Female, 13U B Male, 15U A Mixed, 15U A Female, 15U A Male",,
2025-07-29,18:15,20:15,,Parc Moussette,Parc Moussette,Slot,,ASSOCIATION BASEBALL AMATEUR DE HULL,,,,,,,,,,LIGUE DE BASEBALL DE L'OUTAOUAIS,,,
2025-07-29,20:15,22:15,,Parc Moussette,Parc Moussette,Slot,,ASSOCIATION BASEBALL AMATEUR DE HULL,,,,,,,,,,LIGUE DE BASEBALL DE L'OUTAOUAIS,"13U A Mixed, 15U B Male, 15U B Female, 13U A Male, 13U A Female, 13U B Mixed, 13U B Female, 13U B Male, 15U A Mixed, 15U A Female, 15U A Male",,
2025-07-30,18:15,20:15,,Parc Moussette,Parc Moussette,Slot,,ASSOCIATION BASEBALL AMATEUR DE HULL,,,,,,,,,,LIGUE DE BASEBALL DE L'OUTAOUAIS,"13U A Mixed, 15U B Male, 15U B Female, 13U A Male, 13U A Female, 13U B Mixed, 13U B Female, 13U B Male, 15U A Mixed, 15U A Female, 15U A Male",,
2025-07-30,20:15,22:15,,Parc Moussette,Parc Moussette,Slot,,ASSOCIATION BASEBALL AMATEUR DE HULL,,,,,,,,,,LIGUE DE BASEBALL DE L'OUTAOUAIS,,,
2025-07-31,18:15,20:15,,Parc Moussette,Parc Moussette,Slot,,ASSOCIATION BASEBALL AMATEUR DE HULL,,,,,,,,,,LIGUE DE BASEBALL DE L'OUTAOUAIS,,,
2025-07-31,20:15,22:15,,Parc Moussette,Parc Moussette,Slot,,ASSOCIATION BASEBALL AMATEUR DE HULL,,,,,,,,,,LIGUE DE BASEBALL DE L'OUTAOUAIS,,,
2025-08-01,18:15,20:15,,Parc Moussette,Parc Moussette,Slot,,ASSOCIATION BASEBALL AMATEUR DE HULL,,,,,,,,,,LIGUE DE BASEBALL DE L'OUTAOUAIS,,,
2025-08-01,20:15,22:15,,Parc Moussette,Parc Moussette,Slot,,ASSOCIATION BASEBALL AMATEUR DE HULL,,,,,,,,,,LIGUE DE BASEBALL DE L'OUTAOUAIS,,,
2025-08-02,09:00,11:00,,Parc Moussette,Parc Moussette,Slot,,ASSOCIATION BASEBALL FÉMININ OUTAOUAIS,,,,,,,,,,,,,
2025-08-03,10:00,12:00,,Parc Moussette,Parc Moussette,Slot,,ASSOCIATION BASEBALL FÉMININ OUTAOUAIS,,,,,,,,,,,,,
2025-08-03,12:00,14:00,,Parc Moussette,Parc Moussette,Slot,,ASSOCIATION BASEBALL FÉMININ OUTAOUAIS,,,,,,,,,,,,,
2025-08-03,14:00,16:00,,Parc Moussette,Parc Moussette,Slot,,ASSOCIATION BASEBALL FÉMININ OUTAOUAIS,,,,,,,,,,,,,
2025-08-03,16:15,18:15,,Parc Moussette,Parc Moussette,Slot,,ASSOCIATION BASEBALL AMATEUR DE HULL,,,,,,,,,,,,,
2025-08-03,18:15,20:15,,Parc Moussette,Parc Moussette,Slot,,ASSOCIATION BASEBALL AMATEUR DE HULL,,,,,,,,,,,,,
2025-08-03,20:15,22:15,,Parc Moussette,Parc Moussette,Slot,,ASSOCIATION BASEBALL AMATEUR DE HULL,,,,,,,,,,,,,
2025-08-04,18:15,20:15,,Parc Moussette,Parc Moussette,Slot,,ASSOCIATION BASEBALL AMATEUR DE HULL,,,,,,,,,,LIGUE DE BASEBALL DE L'OUTAOUAIS,,,
2025-08-04,20:15,22:15,,Parc Moussette,Parc Moussette,Slot,,ASSOCIATION BASEBALL AMATEUR DE HULL,,,,,,,,,,LIGUE DE BASEBALL DE L'OUTAOUAIS,"13U A Mixed, 15U B Male, 15U B Female, 13U A Male, 13U A Female, 13U B Mixed, 13U B Female, 13U B Male, 15U A Mixed, 15U A Female, 15U A Male",,
2025-08-05,18:15,20:15,,Parc Moussette,Parc Moussette,Slot,,ASSOCIATION BASEBALL AMATEUR DE HULL,,,,,,,,,,LIGUE DE BASEBALL DE L'OUTAOUAIS,,,
2025-08-05,20:15,22:15,,Parc Moussette,Parc Moussette,Slot,,ASSOCIATION BASEBALL AMATEUR DE HULL,,,,,,,,,,LIGUE DE BASEBALL DE L'OUTAOUAIS,,,
2025-08-06,18:15,20:15,,Parc Moussette,Parc Moussette,Slot,,ASSOCIATION BASEBALL AMATEUR DE HULL,,,,,,,,,,LIGUE DE BASEBALL DE L'OUTAOUAIS,,,
2025-08-06,20:15,22:15,,Parc Moussette,Parc Moussette,Slot,,ASSOCIATION BASEBALL AMATEUR DE HULL,,,,,,,,,,LIGUE DE BASEBALL DE L'OUTAOUAIS,"13U A Mixed, 15U B Male, 15U B Female, 13U A Male, 13U A Female, 13U B Mixed, 13U B Female, 13U B Male, 15U A Mixed, 15U A Female, 15U A Male",,
2025-08-07,18:15,20:15,,Parc Moussette,Parc Moussette,Slot,,ASSOCIATION BASEBALL AMATEUR DE HULL,,,,,,,,,,LIGUE DE BASEBALL DE L'OUTAOUAIS,"13U A Mixed, 15U B Male, 15U B Female, 13U A Male, 13U A Female, 13U B Mixed, 13U B Female, 13U B Male, 15U A Mixed, 15U A Female, 15U A Male",,
2025-08-07,20:15,22:15,,Parc Moussette,Parc Moussette,Slot,,ASSOCIATION BASEBALL AMATEUR DE HULL,,,,,,,,,,LIGUE DE BASEBALL DE L'OUTAOUAIS,,,
2025-08-08,18:15,20:15,,Parc Moussette,Parc Moussette,Slot,,ASSOCIATION BASEBALL AMATEUR DE HULL,,,,,,,,,,LIGUE DE BASEBALL DE L'OUTAOUAIS,,,
2025-08-08,20:15,22:15,,Parc Moussette,Parc Moussette,Slot,,ASSOCIATION BASEBALL AMATEUR DE HULL,,,,,,,,,,LIGUE DE BASEBALL DE L'OUTAOUAIS,,,
2025-08-09,09:00,11:00,,Parc Moussette,Parc Moussette,Slot,,ASSOCIATION BASEBALL FÉMININ OUTAOUAIS,,,,,,,,,,,,,
2025-08-09,11:00,13:00,,Parc Moussette,Parc Moussette,Slot,,ASSOCIATION BASEBALL FÉMININ OUTAOUAIS,,,,,,,,,,,,,
2025-08-09,13:00,15:00,,Parc Moussette,Parc Moussette,Slot,,ASSOCIATION BASEBALL FÉMININ OUTAOUAIS,,,,,,,,,,,,,
2025-08-09,15:00,17:00,,Parc Moussette,Parc Moussette,Slot,,ASSOCIATION BASEBALL FÉMININ OUTAOUAIS,,,,,,,,,,,,,
2025-08-10,10:00,12:00,,Parc Moussette,Parc Moussette,Slot,,ASSOCIATION BASEBALL FÉMININ OUTAOUAIS,,,,,,,,,,,,,
2025-08-10,12:00,14:00,,Parc Moussette,Parc Moussette,Slot,,ASSOCIATION BASEBALL FÉMININ OUTAOUAIS,,,,,,,,,,,,,
2025-08-10,14:00,16:00,,Parc Moussette,Parc Moussette,Slot,,ASSOCIATION BASEBALL FÉMININ OUTAOUAIS,,,,,,,,,,,,,
2025-08-10,16:15,18:15,,Parc Moussette,Parc Moussette,Slot,,ASSOCIATION BASEBALL AMATEUR DE HULL,,,,,,,,,,,,,
2025-08-10,18:15,20:15,,Parc Moussette,Parc Moussette,Slot,,ASSOCIATION BASEBALL AMATEUR DE HULL,,,,,,,,,,,,,
2025-08-10,20:15,22:15,,Parc Moussette,Parc Moussette,Slot,,ASSOCIATION BASEBALL AMATEUR DE HULL,,,,,,,,,,LIGUE DE BASEBALL DE L'OUTAOUAIS,,,
2025-08-11,18:15,20:15,,Parc Moussette,Parc Moussette,Slot,,ASSOCIATION BASEBALL AMATEUR DE HULL,ASSOCIATION DE BASEBALL AMATEUR D'AYLMER,,,,,,,,,LIGUE DE BASEBALL DE L'OUTAOUAIS,,,
2025-08-11,20:15,22:15,,Parc Moussette,Parc Moussette,Slot,,ASSOCIATION BASEBALL AMATEUR DE HULL,ASSOCIATION DE BASEBALL AMATEUR D'AYLMER,,,,,,,,,LIGUE DE BASEBALL DE L'OUTAOUAIS,,,
2025-08-12,18:15,20:15,,Parc Moussette,Parc Moussette,Slot,,ASSOCIATION BASEBALL AMATEUR DE HULL,,,,,,,,,,LIGUE DE BASEBALL DE L'OUTAOUAIS,,,
2025-08-12,20:15,22:15,,Parc Moussette,Parc Moussette,Slot,,ASSOCIATION BASEBALL AMATEUR DE HULL,,,,,,,,,,LIGUE DE BASEBALL DE L'OUTAOUAIS,,,
2025-08-13,18:15,20:15,,Parc Moussette,Parc Moussette,Slot,,ASSOCIATION BASEBALL AMATEUR DE HULL,,,,,,,,,,LIGUE DE BASEBALL DE L'OUTAOUAIS,,,
2025-08-13,20:15,22:15,,Parc Moussette,Parc Moussette,Slot,,ASSOCIATION BASEBALL AMATEUR DE HULL,,,,,,,,,,LIGUE DE BASEBALL DE L'OUTAOUAIS,,,
2025-08-14,18:15,20:15,,Parc Moussette,Parc Moussette,Slot,,ASSOCIATION BASEBALL AMATEUR DE HULL,,,,,,,,,,LIGUE DE BASEBALL DE L'OUTAOUAIS,,,
2025-08-14,20:15,22:15,,Parc Moussette,Parc Moussette,Slot,,ASSOCIATION BASEBALL AMATEUR DE HULL,,,,,,,,,,LIGUE DE BASEBALL DE L'OUTAOUAIS,,,
2025-08-15,18:15,20:15,,Parc Moussette,Parc Moussette,Slot,,ASSOCIATION BASEBALL AMATEUR DE HULL,,,,,,,,,,LIGUE DE BASEBALL DE L'OUTAOUAIS,,,
2025-08-15,20:15,22:15,,Parc Moussette,Parc Moussette,Slot,,ASSOCIATION BASEBALL AMATEUR DE HULL,,,,,,,,,,LIGUE DE BASEBALL DE L'OUTAOUAIS,,,
2025-08-16,09:00,11:00,,Parc Moussette,Parc Moussette,Slot,,ASSOCIATION BASEBALL FÉMININ OUTAOUAIS,,,,,,,,,,,,,
2025-08-16,11:00,13:00,,Parc Moussette,Parc Moussette,Slot,,ASSOCIATION BASEBALL FÉMININ OUTAOUAIS,,,,,,,,,,,,,
2025-08-16,13:00,15:00,,Parc Moussette,Parc Moussette,Slot,,ASSOCIATION BASEBALL FÉMININ OUTAOUAIS,,,,,,,,,,,,,
2025-08-16,15:00,17:00,,Parc Moussette,Parc Moussette,Slot,,ASSOCIATION BASEBALL FÉMININ OUTAOUAIS,,,,,,,,,,,,,
2025-08-17,10:00,12:00,,Parc Moussette,Parc Moussette,Slot,,ASSOCIATION BASEBALL FÉMININ OUTAOUAIS,,,,,,,,,,,,,
2025-08-17,12:00,14:00,,Parc Moussette,Parc Moussette,Slot,,ASSOCIATION BASEBALL FÉMININ OUTAOUAIS,,,,,,,,,,,,,
2025-08-17,14:00,16:00,,Parc Moussette,Parc Moussette,Slot,,ASSOCIATION BASEBALL FÉMININ OUTAOUAIS,,,,,,,,,,,,,
2025-08-17,16:15,18:15,,Parc Moussette,Parc Moussette,Slot,,ASSOCIATION BASEBALL AMATEUR DE HULL,,,,,,,,,,LIGUE DE BASEBALL DE L'OUTAOUAIS,,,
2025-08-17,18:15,20:15,,Parc Moussette,Parc Moussette,Slot,,ASSOCIATION BASEBALL AMATEUR DE HULL,,,,,,,,,,LIGUE DE BASEBALL DE L'OUTAOUAIS,,,
2025-08-17,20:15,22:15,,Parc Moussette,Parc Moussette,Slot,,ASSOCIATION BASEBALL AMATEUR DE HULL,,,,,,,,,,LIGUE DE BASEBALL DE L'OUTAOUAIS,,,
2025-08-18,18:15,20:15,,Parc Moussette,Parc Moussette,Slot,,ASSOCIATION BASEBALL AMATEUR DE HULL,,,,,,,,,,LIGUE DE BASEBALL DE L'OUTAOUAIS,,,
2025-08-18,20:15,22:15,,Parc Moussette,Parc Moussette,Slot,,ASSOCIATION BASEBALL AMATEUR DE HULL,,,,,,,,,,LIGUE DE BASEBALL DE L'OUTAOUAIS,,,
2025-08-19,18:15,20:15,,Parc Moussette,Parc Moussette,Slot,,ASSOCIATION BASEBALL AMATEUR DE HULL,,,,,,,,,,LIGUE DE BASEBALL DE L'OUTAOUAIS,,,
2025-08-19,20:15,22:15,,Parc Moussette,Parc Moussette,Slot,,ASSOCIATION BASEBALL AMATEUR DE HULL,,,,,,,,,,LIGUE DE BASEBALL DE L'OUTAOUAIS,"13U A Mixed, 15U B Male, 15U B Female, 13U A Male, 13U A Female, 13U B Mixed, 13U B Female, 13U B Male, 15U A Mixed, 15U A Female, 15U A Male",,
2025-08-20,18:15,20:15,,Parc Moussette,Parc Moussette,Slot,,ASSOCIATION BASEBALL AMATEUR DE HULL,,,,,,,,,,LIGUE DE BASEBALL DE L'OUTAOUAIS,,,
2025-08-20,20:15,22:15,,Parc Moussette,Parc Moussette,Slot,,ASSOCIATION BASEBALL AMATEUR DE HULL,,,,,,,,,,LIGUE DE BASEBALL DE L'OUTAOUAIS,,,
2025-08-21,18:15,20:15,,Parc Moussette,Parc Moussette,Slot,,ASSOCIATION BASEBALL AMATEUR DE HULL,ASSOCIATION DE BASEBALL AMATEUR D'AYLMER,,,,,,,,,LIGUE DE BASEBALL DE L'OUTAOUAIS,,,
2025-08-21,20:15,22:15,,Parc Moussette,Parc Moussette,Slot,,ASSOCIATION BASEBALL AMATEUR DE HULL,,,,,,,,,,LIGUE DE BASEBALL DE L'OUTAOUAIS,"13U A Mixed, 15U B Male, 15U B Female, 13U A Male, 13U A Female, 13U B Mixed, 13U B Female, 13U B Male, 15U A Mixed, 15U A Female, 15U A Male",,
2025-08-22,18:15,20:15,,Parc Moussette,Parc Moussette,Slot,,ASSOCIATION BASEBALL AMATEUR DE HULL,,,,,,,,,,LIGUE DE BASEBALL DE L'OUTAOUAIS,"13U A Mixed, 15U B Male, 15U B Female, 13U A Male, 13U A Female, 13U B Mixed, 13U B Female, 13U B Male, 15U A Mixed, 15U A Female, 15U A Male",,
2025-08-22,20:15,22:15,,Parc Moussette,Parc Moussette,Slot,,ASSOCIATION BASEBALL AMATEUR DE HULL,,,,,,,,,,LIGUE DE BASEBALL DE L'OUTAOUAIS,"13U A Mixed, 15U B Male, 15U B Female, 13U A Male, 13U A Female, 13U B Mixed, 13U B Female, 13U B Male, 15U A Mixed, 15U A Female, 15U A Male",,
2025-08-26,18:15,20:15,,Parc Moussette,Parc Moussette,Slot,,ASSOCIATION BASEBALL AMATEUR DE HULL,,,,,,,,,,LIGUE DE BASEBALL DE L'OUTAOUAIS,,,
2025-08-26,20:15,22:15,,Parc Moussette,Parc Moussette,Slot,,ASSOCIATION BASEBALL AMATEUR DE HULL,,,,,,,,,,LIGUE DE BASEBALL DE L'OUTAOUAIS,,,
2025-08-27,18:15,20:15,,Parc Moussette,Parc Moussette,Slot,,ASSOCIATION BASEBALL AMATEUR DE HULL,,,,,,,,,,LIGUE DE BASEBALL DE L'OUTAOUAIS,,,
2025-08-27,20:15,22:15,,Parc Moussette,Parc Moussette,Slot,,ASSOCIATION BASEBALL AMATEUR DE HULL,,,,,,,,,,LIGUE DE BASEBALL DE L'OUTAOUAIS,,,
2025-08-28,18:15,20:15,,Parc Moussette,Parc Moussette,Slot,,ASSOCIATION BASEBALL AMATEUR DE HULL,,,,,,,,,,LIGUE DE BASEBALL DE L'OUTAOUAIS,"13U A Mixed, 15U B Male, 15U B Female, 13U A Male, 13U A Female, 13U B Mixed, 13U B Female, 13U B Male, 15U A Mixed, 15U A Female, 15U A Male",,
2025-08-28,20:15,22:15,,Parc Moussette,Parc Moussette,Slot,,ASSOCIATION BASEBALL AMATEUR DE HULL,,,,,,,,,,LIGUE DE BASEBALL DE L'OUTAOUAIS,"13U A Mixed, 15U B Male, 15U B Female, 13U A Male, 13U A Female, 13U B Mixed, 13U B Female, 13U B Male, 15U A Mixed, 15U A Female, 15U A Male",,
2025-08-29,18:15,20:15,,Parc Moussette,Parc Moussette,Slot,,ASSOCIATION BASEBALL AMATEUR DE HULL,,,,,,,,,,LIGUE DE BASEBALL DE L'OUTAOUAIS,"13U A Mixed, 15U B Male, 15U B Female, 13U A Male, 13U A Female, 13U B Mixed, 13U B Female, 13U B Male, 15U A Mixed, 15U A Female, 15U A Male",,
2025-08-29,20:15,22:15,,Parc Moussette,Parc Moussette,Slot,,ASSOCIATION BASEBALL AMATEUR DE HULL,,,,,,,,,,LIGUE DE BASEBALL DE L'OUTAOUAIS,"13U A Mixed, 15U B Male, 15U B Female, 13U A Male, 13U A Female, 13U B Mixed, 13U B Female, 13U B Male, 15U A Mixed, 15U A Female, 15U A Male",,
2025-08-30,09:00,11:00,,Parc Moussette,Parc Moussette,Slot,,ASSOCIATION BASEBALL FÉMININ OUTAOUAIS,,,,,,,,,,,,,
2025-08-30,11:00,13:00,,Parc Moussette,Parc Moussette,Slot,,ASSOCIATION BASEBALL FÉMININ OUTAOUAIS,,,,,,,,,,,,,
2025-08-30,13:00,15:00,,Parc Moussette,Parc Moussette,Slot,,ASSOCIATION BASEBALL FÉMININ OUTAOUAIS,,,,,,,,,,,,,
2025-08-30,15:00,17:00,,Parc Moussette,Parc Moussette,Slot,,ASSOCIATION BASEBALL FÉMININ OUTAOUAIS,,,,,,,,,,,,,
2025-08-31,10:00,12:00,,Parc Moussette,Parc Moussette,Slot,,ASSOCIATION BASEBALL FÉMININ OUTAOUAIS,,,,,,,,,,,,,
2025-08-31,12:00,14:00,,Parc Moussette,Parc Moussette,Slot,,ASSOCIATION BASEBALL FÉMININ OUTAOUAIS,,,,,,,,,,,,,
2025-08-31,14:00,16:00,,Parc Moussette,Parc Moussette,Slot,,ASSOCIATION BASEBALL FÉMININ OUTAOUAIS,,,,,,,,,,,,,
2025-08-31,16:15,18:15,,Parc Moussette,Parc Moussette,Slot,,ASSOCIATION BASEBALL AMATEUR DE HULL,,,,,,,,,,,,,
2025-08-31,18:15,20:15,,Parc Moussette,Parc Moussette,Slot,,ASSOCIATION BASEBALL AMATEUR DE HULL,,,,,,,,,,,,,
2025-08-31,20:15,22:15,,Parc Moussette,Parc Moussette,Slot,,ASSOCIATION BASEBALL AMATEUR DE HULL,,,,,,,,,,,,,
2025-09-01,18:15,20:15,,Parc Moussette,Parc Moussette,Slot,,ASSOCIATION BASEBALL AMATEUR DE HULL,,,,,,,,,,LIGUE DE BASEBALL DE L'OUTAOUAIS,"13U A Mixed, 15U B Male, 15U B Female, 13U A Male, 13U A Female, 13U B Mixed, 13U B Female, 13U B Male, 15U A Mixed, 15U A Female, 15U A Male",,
2025-09-01,20:15,22:15,,Parc Moussette,Parc Moussette,Slot,,ASSOCIATION BASEBALL AMATEUR DE HULL,,,,,,,,,,LIGUE DE BASEBALL DE L'OUTAOUAIS,"13U A Mixed, 15U B Male, 15U B Female, 13U A Male, 13U A Female, 13U B Mixed, 13U B Female, 13U B Male, 15U A Mixed, 15U A Female, 15U A Male",,
2025-09-02,18:15,20:15,,Parc Moussette,Parc Moussette,Slot,,ASSOCIATION BASEBALL AMATEUR DE HULL,,,,,,,,,,LIGUE DE BASEBALL DE L'OUTAOUAIS,,,
2025-09-02,20:15,22:15,,Parc Moussette,Parc Moussette,Slot,,ASSOCIATION BASEBALL AMATEUR DE HULL,,,,,,,,,,LIGUE DE BASEBALL DE L'OUTAOUAIS,,,
2025-09-03,18:15,20:15,,Parc Moussette,Parc Moussette,Slot,,ASSOCIATION BASEBALL AMATEUR DE HULL,,,,,,,,,,LIGUE DE BASEBALL DE L'OUTAOUAIS,,,
2025-09-03,20:15,22:15,,Parc Moussette,Parc Moussette,Slot,,ASSOCIATION BASEBALL AMATEUR DE HULL,,,,,,,,,,LIGUE DE BASEBALL DE L'OUTAOUAIS,,,
2025-09-04,18:15,20:15,,Parc Moussette,Parc Moussette,Slot,,ASSOCIATION BASEBALL AMATEUR DE HULL,,,,,,,,,,LIGUE DE BASEBALL DE L'OUTAOUAIS,"13U A Mixed, 15U B Male, 15U B Female, 13U A Male, 13U A Female, 13U B Mixed, 13U B Female, 13U B Male, 15U A Mixed, 15U A Female, 15U A Male",,
2025-09-04,20:15,22:15,,Parc Moussette,Parc Moussette,Slot,,ASSOCIATION BASEBALL AMATEUR DE HULL,,,,,,,,,,LIGUE DE BASEBALL DE L'OUTAOUAIS,"13U A Mixed, 15U B Male, 15U B Female, 13U A Male, 13U A Female, 13U B Mixed, 13U B Female, 13U B Male, 15U A Mixed, 15U A Female, 15U A Male",,
2025-09-05,18:15,20:15,,Parc Moussette,Parc Moussette,Slot,,ASSOCIATION BASEBALL AMATEUR DE HULL,,,,,,,,,,LIGUE DE BASEBALL DE L'OUTAOUAIS,"13U A Mixed, 15U B Male, 15U B Female, 13U A Male, 13U A Female, 13U B Mixed, 13U B Female, 13U B Male, 15U A Mixed, 15U A Female, 15U A Male",,
2025-09-05,20:15,22:15,,Parc Moussette,Parc Moussette,Slot,,ASSOCIATION BASEBALL AMATEUR DE HULL,,,,,,,,,,LIGUE DE BASEBALL DE L'OUTAOUAIS,"13U A Mixed, 15U B Male, 15U B Female, 13U A Male, 13U A Female, 13U B Mixed, 13U B Female, 13U B Male, 15U A Mixed, 15U A Female, 15U A Male",,
2025-09-06,09:00,11:00,,Parc Moussette,Parc Moussette,Slot,,ASSOCIATION BASEBALL FÉMININ OUTAOUAIS,,,,,,,,,,,,,
2025-09-06,11:00,13:00,,Parc Moussette,Parc Moussette,Slot,,ASSOCIATION BASEBALL FÉMININ OUTAOUAIS,,,,,,,,,,,,,
2025-09-06,13:00,15:00,,Parc Moussette,Parc Moussette,Slot,,ASSOCIATION BASEBALL FÉMININ OUTAOUAIS,,,,,,,,,,,,,
2025-09-06,15:00,17:00,,Parc Moussette,Parc Moussette,Slot,,ASSOCIATION BASEBALL FÉMININ OUTAOUAIS,,,,,,,,,,,,,
2025-09-07,10:00,12:00,,Parc Moussette,Parc Moussette,Slot,,ASSOCIATION BASEBALL FÉMININ OUTAOUAIS,,,,,,,,,,,,,
2025-09-07,12:00,14:00,,Parc Moussette,Parc Moussette,Slot,,ASSOCIATION BASEBALL FÉMININ OUTAOUAIS,,,,,,,,,,,,,
2025-09-07,14:00,16:00,,Parc Moussette,Parc Moussette,Slot,,ASSOCIATION BASEBALL FÉMININ OUTAOUAIS,,,,,,,,,,,,,
2025-09-13,09:00,11:00,,Parc Moussette,Parc Moussette,Slot,,ASSOCIATION BASEBALL FÉMININ OUTAOUAIS,,,,,,,,,,,,,
2025-09-13,11:00,13:00,,Parc Moussette,Parc Moussette,Slot,,ASSOCIATION BASEBALL FÉMININ OUTAOUAIS,,,,,,,,,,,,,
2025-09-13,13:00,15:00,,Parc Moussette,Parc Moussette,Slot,,ASSOCIATION BASEBALL FÉMININ OUTAOUAIS,,,,,,,,,,,,,
2025-09-13,15:00,17:00,,Parc Moussette,Parc Moussette,Slot,,ASSOCIATION BASEBALL FÉMININ OUTAOUAIS,,,,,,,,,,,,,
2025-09-14,10:00,12:00,,Parc Moussette,Parc Moussette,Slot,,ASSOCIATION BASEBALL FÉMININ OUTAOUAIS,,,,,,,,,,,,,
2025-09-14,12:00,14:00,,Parc Moussette,Parc Moussette,Slot,,ASSOCIATION BASEBALL FÉMININ OUTAOUAIS,,,,,,,,,,,,,
2025-09-14,14:00,16:00,,Parc Moussette,Parc Moussette,Slot,,ASSOCIATION BASEBALL FÉMININ OUTAOUAIS,,,,,,,,,,,,,
2025-09-20,09:00,11:00,,Parc Moussette,Parc Moussette,Slot,,ASSOCIATION BASEBALL FÉMININ OUTAOUAIS,,,,,,,,,,,,,
2025-09-20,11:00,13:00,,Parc Moussette,Parc Moussette,Slot,,ASSOCIATION BASEBALL FÉMININ OUTAOUAIS,,,,,,,,,,,,,
2025-09-20,13:00,15:00,,Parc Moussette,Parc Moussette,Slot,,ASSOCIATION BASEBALL FÉMININ OUTAOUAIS,,,,,,,,,,,,,
2025-09-20,15:00,17:00,,Parc Moussette,Parc Moussette,Slot,,ASSOCIATION BASEBALL FÉMININ OUTAOUAIS,,,,,,,,,,,,,
2025-09-27,09:00,11:00,,Parc Moussette,Parc Moussette,Slot,,ASSOCIATION BASEBALL FÉMININ OUTAOUAIS,,,,,,,,,,,,,
2025-09-27,11:00,13:00,,Parc Moussette,Parc Moussette,Slot,,ASSOCIATION BASEBALL FÉMININ OUTAOUAIS,,,,,,,,,,,,,
2025-09-27,13:00,15:00,,Parc Moussette,Parc Moussette,Slot,,ASSOCIATION BASEBALL FÉMININ OUTAOUAIS,,,,,,,,,,,,,
2025-09-27,15:00,17:00,,Parc Moussette,Parc Moussette,Slot,,ASSOCIATION BASEBALL FÉMININ OUTAOUAIS,,,,,,,,,,,,,