Date,Heure de début,Heure de fin,Terrain (alias),Terrain,Lieu,Type d'événement,Identifiant,Organisation,Organisation secondaire,Horaire,Catégorie,Équipe locale,Équipe visiteuse,Équipes de pratique,Type de pratique,Type de plage horaire,Sous-type de plage horaire,Ligues partagées (plage horaire),Restrictions de catégorie (plage horaire),Commentaires,Notes
2025-05-02,00:00,23:59,,Parc Fontaine,Parc Fontaine,Plage horaire,,ASSOCIATION BASEBALL AMATEUR DE HULL,,,,,,,,,,,"9U A Mixte, 9U A Masculin, 9U B Mixte, 9U B Masculin, 11U A Mixte, 11U A Masculin, 11U B Mixte, 11U B Masculin",,
2025-05-03,00:00,23:59,,Parc Fontaine,Parc Fontaine,Plage horaire,,ASSOCIATION BASEBALL AMATEUR DE HULL,,,,,,,,,,,"9U A Mixte, 9U A Masculin, 9U B Mixte, 9U B Masculin, 11U A Mixte, 11U A Masculin, 11U B Mixte, 11U B Masculin",,
2025-05-04,00:00,23:59,,Parc Fontaine,Parc Fontaine,Plage horaire,,ASSOCIATION BASEBALL AMATEUR DE HULL,,,,,,,,,,,"9U A Mixte, 9U A Masculin, 9U B Mixte, 9U B Masculin, 11U A Mixte, 11U A Masculin, 11U B Mixte, 11U B Masculin",,
2025-05-05,00:00,23:59,,Parc Fontaine,Parc Fontaine,Plage horaire,,ASSOCIATION BASEBALL AMATEUR DE HULL,,,,,,,,,,,"9U A Mixte, 9U A Masculin, 9U B Mixte, 9U B Masculin, 11U A Mixte, 11U A Masculin, 11U B Mixte, 11U B Masculin",,
2025-05-06,00:00,23:59,,Parc Fontaine,Parc Fontaine,Plage horaire,,ASSOCIATION BASEBALL AMATEUR DE HULL,,,,,,,,,,,"9U A Mixte, 9U A Masculin, 9U B Mixte, 9U B Masculin, 11U A Mixte, 11U A Masculin, 11U B Mixte, 11U B Masculin",,
2025-05-07,00:00,23:59,,Parc Fontaine,Parc Fontaine,Plage horaire,,ASSOCIATION BASEBALL AMATEUR DE HULL,,,,,,,,,,,"9U A Mixte, 9U A Masculin, 9U B Mixte, 9U B Masculin, 11U A Mixte, 11U A Masculin, 11U B Mixte, 11U B Masculin",,
2025-05-08,00:00,23:59,,Parc Fontaine,Parc Fontaine,Plage horaire,,ASSOCIATION BASEBALL AMATEUR DE HULL,,,,,,,,,,,"9U A Mixte, 9U A Masculin, 9U B Mixte, 9U B Masculin, 11U A Mixte, 11U A Masculin, 11U B Mixte, 11U B Masculin",,
2025-05-09,00:00,23:59,,Parc Fontaine,Parc Fontaine,Plage horaire,,ASSOCIATION BASEBALL AMATEUR DE HULL,,,,,,,,,,,"9U A Mixte, 9U A Masculin, 9U B Mixte, 9U B Masculin, 11U A Mixte, 11U A Masculin, 11U B Mixte, 11U B Masculin",,
2025-05-10,00:00,23:59,,Parc Fontaine,Parc Fontaine,Plage horaire,,ASSOCIATION BASEBALL AMATEUR DE HULL,,,,,,,,,,,"9U A Mixte, 9U A Masculin, 9U B Mixte, 9U B Masculin, 11U A Mixte, 11U A Masculin, 11U B Mixte, 11U B Masculin",,
2025-05-11,00:00,23:59,,Parc Fontaine,Parc Fontaine,Plage horaire,,ASSOCIATION BASEBALL AMATEUR DE HULL,,,,,,,,,,,"9U A Mixte, 9U A Masculin, 9U B Mixte, 9U B Masculin, 11U A Mixte, 11U A Masculin, 11U B Mixte, 11U B Masculin",,
2025-05-12,00:00,23:59,,Parc Fontaine,Parc Fontaine,Plage horaire,,ASSOCIATION BASEBALL AMATEUR DE HULL,,,,,,,,,,,"9U A Mixte, 9U A Masculin, 9U B Mixte, 9U B Masculin, 11U A Mixte, 11U A Masculin, 11U B Mixte, 11U B Masculin",,
2025-05-13,00:00,23:59,,Parc Fontaine,Parc Fontaine,Plage horaire,,ASSOCIATION BASEBALL AMATEUR DE HULL,,,,,,,,,,,"9U A Mixte, 9U A Masculin, 9U B Mixte, 9U B Masculin, 11U A Mixte, 11U A Masculin, 11U B Mixte, 11U B Masculin",,
2025-05-14,00:00,23:59,,Parc Fontaine,Parc Fontaine,Plage horaire,,ASSOCIATION BASEBALL AMATEUR DE HULL,,,,,,,,,,,"9U A Mixte, 9U A Masculin, 9U B Mixte, 9U B Masculin, 11U A Mixte, 11U A Masculin, 11U B Mixte, 11U B Masculin",,
2025-05-15,00:00,23:59,,Parc Fontaine,Parc Fontaine,Plage horaire,,ASSOCIATION BASEBALL AMATEUR DE HULL,,,,,,,,,,,"9U A Mixte, 9U A Masculin, 9U B Mixte, 9U B Masculin, 11U A Mixte, 11U A Masculin, 11U B Mixte, 11U B Masculin",,
2025-05-16,00:00,23:59,,Parc Fontaine,Parc Fontaine,Plage horaire,,ASSOCIATION BASEBALL AMATEUR DE HULL,,,,,,,,,,,"9U A Mixte, 9U A Masculin, 9U B Mixte, 9U B Masculin, 11U A Mixte, 11U A Masculin, 11U B Mixte, 11U B Masculin",,
2025-05-17,00:00,23:59,,Parc Fontaine,Parc Fontaine,Plage horaire,,ASSOCIATION BASEBALL AMATEUR DE HULL,,,,,,,,,,,"9U A Mixte, 9U A Masculin, 9U B Mixte, 9U B Masculin, 11U A Mixte, 11U A Masculin, 11U B Mixte, 11U B Masculin",,
2025-05-18,00:00,23:59,,Parc Fontaine,Parc Fontaine,Plage horaire,,ASSOCIATION BASEBALL AMATEUR DE HULL,,,,,,,,,,,"9U A Mixte, 9U A Masculin, 9U B Mixte, 9U B Masculin, 11U A Mixte, 11U A Masculin, 11U B Mixte, 11U B Masculin",,
2025-05-19,00:00,23:59,,Parc Fontaine,Parc Fontaine,Plage horaire,,ASSOCIATION BASEBALL AMATEUR DE HULL,,,,,,,,,,,"9U A Mixte, 9U A Masculin, 9U B Mixte, 9U B Masculin, 11U A Mixte, 11U A Masculin, 11U B Mixte, 11U B Masculin",,
2025-05-20,00:00,23:59,,Parc Fontaine,Parc Fontaine,Plage horaire,,ASSOCIATION BASEBALL AMATEUR DE HULL,,,,,,,,,,,"9U A Mixte, 9U A Masculin, 9U B Mixte, 9U B Masculin, 11U A Mixte, 11U A Masculin, 11U B Mixte, 11U B Masculin",,
2025-05-21,00:00,23:59,,Parc Fontaine,Parc Fontaine,Plage horaire,,ASSOCIATION BASEBALL AMATEUR DE HULL,,,,,,,,,,,"9U A Mixte, 9U A Masculin, 9U B Mixte, 9U B Masculin, 11U A Mixte, 11U A Masculin, 11U B Mixte, 11U B Masculin",,
2025-05-22,00:00,23:59,,Parc Fontaine,Parc Fontaine,Plage horaire,,ASSOCIATION BASEBALL AMATEUR DE HULL,,,,,,,,,,,"9U A Mixte, 9U A Masculin, 9U B Mixte, 9U B Masculin, 11U A Mixte, 11U A Masculin, 11U B Mixte, 11U B Masculin",,
2025-05-23,00:00,23:59,,Parc Fontaine,Parc Fontaine,Plage horaire,,ASSOCIATION BASEBALL AMATEUR DE HULL,,,,,,,,,,,"9U A Mixte, 9U A Masculin, 9U B Mixte, 9U B Masculin, 11U A Mixte, 11U A Masculin, 11U B Mixte, 11U B Masculin",,
2025-05-24,00:00,23:59,,Parc Fontaine,Parc Fontaine,Plage horaire,,ASSOCIATION BASEBALL AMATEUR DE HULL,,,,,,,,,,,"9U A Mixte, 9U A Masculin, 9U B Mixte, 9U B Masculin, 11U A Mixte, 11U A Masculin, 11U B Mixte, 11U B Masculin",,
2025-05-25,00:00,23:59,,Parc Fontaine,Parc Fontaine,Plage horaire,,ASSOCIATION BASEBALL AMATEUR DE HULL,,,,,,,,,,,"9U A Mixte, 9U A Masculin, 9U B Mixte, 9U B Masculin, 11U A Mixte, 11U A Masculin, 11U B Mixte, 11U B Masculin",,
2025-05-26,00:00,23:59,,Parc Fontaine,Parc Fontaine,Plage horaire,,ASSOCIATION BASEBALL AMATEUR DE HULL,,,,,,,,,,,"9U A Mixte, 9U A Masculin, 9U B Mixte, 9U B Masculin, 11U A Mixte, 11U A Masculin, 11U B Mixte, 11U B Masculin",,
2025-05-27,00:00,23:59,,Parc Fontaine,Parc Fontaine,Plage horaire,,ASSOCIATION BASEBALL AMATEUR DE HULL,,,,,,,,,,,"9U A Mixte, 9U A Masculin, 9U B Mixte, 9U B Masculin, 11U A Mixte, 11U A Masculin, 11U B Mixte, 11U B Masculin",,
2025-05-28,00:00,23:59,,Parc Fontaine,Parc Fontaine,Plage horaire,,ASSOCIATION BASEBALL AMATEUR DE HULL,,,,,,,,,,,"9U A Mixte, 9U A Masculin, 9U B Mixte, 9U B Masculin, 11U A Mixte, 11U A Masculin, 11U B Mixte, 11U B Masculin",,
2025-05-29,00:00,23:59,,Parc Fontaine,Parc Fontaine,Plage horaire,,ASSOCIATION BASEBALL AMATEUR DE HULL,,,,,,,,,,,"9U A Mixte, 9U A Masculin, 9U B Mixte, 9U B Masculin, 11U A Mixte, 11U A Masculin, 11U B Mixte, 11U B Masculin",,
2025-05-30,00:00,23:59,,Parc Fontaine,Parc Fontaine,Plage horaire,,ASSOCIATION BASEBALL AMATEUR DE HULL,,,,,,,,,,,"9U A Mixte, 9U A Masculin, 9U B Mixte, 9U B Masculin, 11U A Mixte, 11U A Masculin, 11U B Mixte, 11U B Masculin",,
2025-05-31,00:00,23:59,,Parc Fontaine,Parc Fontaine,Plage horaire,,ASSOCIATION BASEBALL AMATEUR DE HULL,,,,,,,,,,,"9U A Mixte, 9U A Masculin, 9U B Mixte, 9U B Masculin, 11U A Mixte, 11U A Masculin, 11U B Mixte, 11U B Masculin",,
2025-06-01,08:30,10:30,,Parc Fontaine,Parc Fontaine,Plage horaire,,ASSOCIATION BASEBALL AMATEUR DE HULL,,,,,,,,,,,"9U A Mixte, 9U A Masculin, 9U B Mixte, 9U B Masculin, 11U A Mixte, 11U A Masculin, 11U B Mixte, 11U B Masculin, 9U A Féminin, 9U B Féminin, 11U A Féminin",,
2025-06-01,10:30,12:30,,Parc Fontaine,Parc Fontaine,Plage horaire,,ASSOCIATION BASEBALL AMATEUR DE HULL,,,,,,,,,,,"9U A Mixte, 9U A Masculin, 9U B Mixte, 9U B Masculin, 11U A Mixte, 11U A Masculin, 11U B Mixte, 11U B Masculin, 9U A Féminin, 9U B Féminin, 11U A Féminin",,
2025-06-01,12:30,14:30,,Parc Fontaine,Parc Fontaine,Plage horaire,,ASSOCIATION BASEBALL AMATEUR DE HULL,,,,,,,,,,,"9U A Mixte, 9U A Masculin, 9U B Mixte, 9U B Masculin, 11U A Mixte, 11U A Masculin, 11U B Mixte, 11U B Masculin, 9U A Féminin, 9U B Féminin, 11U A Féminin",,
2025-06-01,14:30,16:30,,Parc Fontaine,Parc Fontaine,Plage horaire,,ASSOCIATION BASEBALL AMATEUR DE HULL,,,,,,,,,,,"9U A Mixte, 9U A Masculin, 9U B Mixte, 9U B Masculin, 11U A Mixte, 11U A Masculin, 11U B Mixte, 11U B Masculin, 9U A Féminin, 9U B Féminin, 11U A Féminin",,
2025-06-01,16:30,18:30,,Parc Fontaine,Parc Fontaine,Plage horaire,,ASSOCIATION BASEBALL AMATEUR DE HULL,,,,,,,,,,,"9U A Mixte, 9U A Masculin, 9U B Mixte, 9U B Masculin, 11U A Mixte, 11U A Masculin, 11U B Mixte, 11U B Masculin, 9U A Féminin, 9U B Féminin, 11U A Féminin",,
2025-06-01,18:30,20:30,,Parc Fontaine,Parc Fontaine,Plage horaire,,ASSOCIATION BASEBALL AMATEUR DE HULL,,,,,,,,,,,"9U A Mixte, 9U A Masculin, 9U B Mixte, 9U B Masculin, 11U A Mixte, 11U A Masculin, 11U B Mixte, 11U B Masculin, 9U A Féminin, 9U B Féminin, 11U A Féminin",,
2025-06-01,20:30,22:30,,Parc Fontaine,Parc Fontaine,Plage horaire,,ASSOCIATION BASEBALL AMATEUR DE HULL,,,,,,,,,,,"9U A Mixte, 9U A Masculin, 9U B Mixte, 9U B Masculin, 11U A Mixte, 11U A Masculin, 11U B Mixte, 11U B Masculin, 9U A Féminin, 9U B Féminin, 11U A Féminin",,
2025-06-02,18:15,20:15,,Parc Fontaine,Parc Fontaine,Plage horaire,,ASSOCIATION BASEBALL AMATEUR DE HULL,,,,,,,,,,LIGUE DE BASEBALL DE L'OUTAOUAIS,"9U A Mixte, 9U A Masculin, 9U B Mixte, 9U B Masculin, 11U A Mixte, 11U A Masculin, 11U B Mixte, 11U B Masculin, 9U A Féminin, 9U B Féminin, 11U A Féminin, 11U B Féminin",,
2025-06-02,20:15,22:15,,Parc Fontaine,Parc Fontaine,Plage horaire,,ASSOCIATION BASEBALL AMATEUR DE HULL,,,,,,,,,,LIGUE DE BASEBALL DE L'OUTAOUAIS,"9U A Mixte, 9U A Masculin, 9U B Mixte, 9U B Masculin, 11U A Mixte, 11U A Masculin, 11U B Mixte, 11U B Masculin, 9U A Féminin, 9U B Féminin, 11U A Féminin, 11U B Féminin",,
2025-06-03,18:15,20:15,,Parc Fontaine,Parc Fontaine,Plage horaire,,ASSOCIATION BASEBALL AMATEUR DE HULL,,,,,,,,,,LIGUE DE BASEBALL DE L'OUTAOUAIS,"9U A Mixte, 9U A Masculin, 9U B Mixte, 9U B Masculin, 11U A Mixte, 11U A Masculin, 11U B Mixte, 11U B Masculin, 9U A Féminin, 9U B Féminin, 11U A Féminin, 11U B Féminin",,
2025-06-03,20:15,22:15,,Parc Fontaine,Parc Fontaine,Plage horaire,,ASSOCIATION BASEBALL AMATEUR DE HULL,,,,,,,,,,LIGUE DE BASEBALL DE L'OUTAOUAIS,"9U A Mixte, 9U A Masculin, 9U B Mixte, 9U B Masculin, 11U A Mixte, 11U A Masculin, 11U B Mixte, 11U B Masculin, 9U A Féminin, 9U B Féminin, 11U A Féminin, 11U B Féminin",,
2025-06-04,18:15,20:15,,Parc Fontaine,Parc Fontaine,Plage horaire,,ASSOCIATION BASEBALL AMATEUR DE HULL,,,,,,,,,,LIGUE DE BASEBALL DE L'OUTAOUAIS,"9U A Mixte, 9U A Masculin, 9U B Mixte, 9U B Masculin, 11U A Mixte, 11U A Masculin, 11U B Mixte, 11U B Masculin, 9U A Féminin, 9U B Féminin, 11U A Féminin, 11U B Féminin",,
2025-06-04,20:15,22:15,,Parc Fontaine,Parc Fontaine,Plage horaire,,ASSOCIATION BASEBALL AMATEUR DE HULL,,,,,,,,,,LIGUE DE BASEBALL DE L'OUTAOUAIS,"9U A Mixte, 9U A Masculin, 9U B Mixte, 9U B Masculin, 11U A Mixte, 11U A Masculin, 11U B Mixte, 11U B Masculin, 9U A Féminin, 9U B Féminin, 11U A Féminin, 11U B Féminin",,
2025-06-05,18:15,20:15,,Parc Fontaine,Parc Fontaine,Plage horaire,,ASSOCIATION BASEBALL AMATEUR DE HULL,,,,,,,,,,LIGUE DE BASEBALL DE L'OUTAOUAIS,"9U A Mixte, 9U A Masculin, 9U B Mixte, 9U B Masculin, 11U A Mixte, 11U A Masculin, 11U B Mixte, 11U B Masculin, 9U A Féminin, 9U B Féminin, 11U A Féminin, 11U B Féminin",,
2025-06-05,20:15,22:15,,Parc Fontaine,Parc Fontaine,Plage horaire,,ASSOCIATION BASEBALL AMATEUR DE HULL,,,,,,,,,,LIGUE DE BASEBALL DE L'OUTAOUAIS,"9U A Mixte, 9U A Masculin, 9U B Mixte, 9U B Masculin, 11U A Mixte, 11U A Masculin, 11U B Mixte, 11U B Masculin, 9U A Féminin, 9U B Féminin, 11U A Féminin, 11U B Féminin",,
2025-06-06,18:15,20:15,,Parc Fontaine,Parc Fontaine,Plage horaire,,ASSOCIATION BASEBALL AMATEUR DE HULL,,,,,,,,,,LIGUE DE BASEBALL DE L'OUTAOUAIS,"9U A Mixte, 9U A Masculin, 9U B Mixte, 9U B Masculin, 11U A Mixte, 11U A Masculin, 11U B Mixte, 11U B Masculin, 9U A Féminin, 9U B Féminin, 11U A Féminin, 11U B Féminin",,
2025-06-06,20:15,22:15,,Parc Fontaine,Parc Fontaine,Plage horaire,,ASSOCIATION BASEBALL AMATEUR DE HULL,,,,,,,,,,LIGUE DE BASEBALL DE L'OUTAOUAIS,"9U A Mixte, 9U A Masculin, 9U B Mixte, 9U B Masculin, 11U A Mixte, 11U A Masculin, 11U B Mixte, 11U B Masculin, 9U A Féminin, 9U B Féminin, 11U A Féminin, 11U B Féminin",,
2025-06-07,08:30,10:30,,Parc Fontaine,Parc Fontaine,Plage horaire,,ASSOCIATION BASEBALL AMATEUR DE HULL,,,,,,,,,,,"9U A Mixte, 9U A Masculin, 9U B Mixte, 9U B Masculin, 11U A Mixte, 11U A Masculin, 11U B Mixte, 11U B Masculin, 9U A Féminin, 9U B Féminin, 11U A Féminin",,
2025-06-07,10:30,12:30,,Parc Fontaine,Parc Fontaine,Plage horaire,,ASSOCIATION BASEBALL AMATEUR DE HULL,,,,,,,,,,,"9U A Mixte, 9U A Masculin, 9U B Mixte, 9U B Masculin, 11U A Mixte, 11U A Masculin, 11U B Mixte, 11U B Masculin, 9U A Féminin, 9U B Féminin, 11U A Féminin",,
2025-06-07,12:30,14:30,,Parc Fontaine,Parc Fontaine,Plage horaire,,ASSOCIATION BASEBALL AMATEUR DE HULL,,,,,,,,,,,"9U A Mixte, 9U A Masculin, 9U B Mixte, 9U B Masculin, 11U A Mixte, 11U A Masculin, 11U B Mixte, 11U B Masculin, 9U A Féminin, 9U B Féminin, 11U A Féminin",,
2025-06-07,14:30,16:30,,Parc Fontaine,Parc Fontaine,Plage horaire,,ASSOCIATION BASEBALL AMATEUR DE HULL,,,,,,,,,,,"9U A Mixte, 9U A Masculin, 9U B Mixte, 9U B Masculin, 11U A Mixte, 11U A Masculin, 11U B Mixte, 11U B Masculin, 9U A Féminin, 9U B Féminin, 11U A Féminin",,
2025-06-07,16:30,18:30,,Parc Fontaine,Parc Fontaine,Plage horaire,,ASSOCIATION BASEBALL AMATEUR DE HULL,,,,,,,,,,,"9U A Mixte, 9U A Masculin, 9U B Mixte, 9U B Masculin, 11U A Mixte, 11U A Masculin, 11U B Mixte, 11U B Masculin, 9U A Féminin, 9U B Féminin, 11U A Féminin",,
2025-06-07,18:30,20:30,,Parc Fontaine,Parc Fontaine,Plage horaire,,ASSOCIATION BASEBALL AMATEUR DE HULL,,,,,,,,,,,"9U A Mixte, 9U A Masculin, 9U B Mixte, 9U B Masculin, 11U A Mixte, 11U A Masculin, 11U B Mixte, 11U B Masculin, 9U A Féminin, 9U B Féminin, 11U A Féminin",,
2025-06-07,20:30,22:30,,Parc Fontaine,Parc Fontaine,Plage horaire,,ASSOCIATION BASEBALL AMATEUR DE HULL,,,,,,,,,,,"9U A Mixte, 9U A Masculin, 9U B Mixte, 9U B Masculin, 11U A Mixte, 11U A Masculin, 11U B Mixte, 11U B Masculin, 9U A Féminin, 9U B Féminin, 11U A Féminin",,
2025-06-08,08:30,10:30,,Parc Fontaine,Parc Fontaine,Plage horaire,,ASSOCIATION BASEBALL AMATEUR DE HULL,,,,,,,,,,,"9U A Mixte, 9U A Masculin, 9U B Mixte, 9U B Masculin, 11U A Mixte, 11U A Masculin, 11U B Mixte, 11U B Masculin, 9U A Féminin, 9U B Féminin, 11U A Féminin",,
2025-06-08,10:30,12:30,,Parc Fontaine,Parc Fontaine,Plage horaire,,ASSOCIATION BASEBALL AMATEUR DE HULL,,,,,,,,,,,"9U A Mixte, 9U A Masculin, 9U B Mixte, 9U B Masculin, 11U A Mixte, 11U A Masculin, 11U B Mixte, 11U B Masculin, 9U A Féminin, 9U B Féminin, 11U A Féminin",,
2025-06-08,12:30,14:30,,Parc Fontaine,Parc Fontaine,Plage horaire,,ASSOCIATION BASEBALL AMATEUR DE HULL,,,,,,,,,,,"9U A Mixte, 9U A Masculin, 9U B Mixte, 9U B Masculin, 11U A Mixte, 11U A Masculin, 11U B Mixte, 11U B Masculin, 9U A Féminin, 9U B Féminin, 11U A Féminin",,
2025-06-08,14:30,16:30,,Parc Fontaine,Parc Fontaine,Plage horaire,,ASSOCIATION BASEBALL AMATEUR DE HULL,,,,,,,,,,,"9U A Mixte, 9U A Masculin, 9U B Mixte, 9U B Masculin, 11U A Mixte, 11U A Masculin, 11U B Mixte, 11U B Masculin, 9U A Féminin, 9U B Féminin, 11U A Féminin",,
2025-06-08,16:30,18:30,,Parc Fontaine,Parc Fontaine,Plage horaire,,ASSOCIATION BASEBALL AMATEUR DE HULL,,,,,,,,,,,"9U A Mixte, 9U A Masculin, 9U B Mixte, 9U B Masculin, 11U A Mixte, 11U A Masculin, 11U B Mixte, 11U B Masculin, 9U A Féminin, 9U B Féminin, 11U A Féminin",,
2025-06-08,18:30,20:30,,Parc Fontaine,Parc Fontaine,Plage horaire,,ASSOCIATION BASEBALL AMATEUR DE HULL,,,,,,,,,,,"9U A Mixte, 9U A Masculin, 9U B Mixte, 9U B Masculin, 11U A Mixte, 11U A Masculin, 11U B Mixte, 11U B Masculin, 9U A Féminin, 9U B Féminin, 11U A Féminin",,
2025-06-08,20:30,22:30,,Parc Fontaine,Parc Fontaine,Plage horaire,,ASSOCIATION BASEBALL AMATEUR DE HULL,,,,,,,,,,,"9U A Mixte, 9U A Masculin, 9U B Mixte, 9U B Masculin, 11U A Mixte, 11U A Masculin, 11U B Mixte, 11U B Masculin, 9U A Féminin, 9U B Féminin, 11U A Féminin",,
2025-06-09,18:15,20:15,,Parc Fontaine,Parc Fontaine,Plage horaire,,ASSOCIATION BASEBALL AMATEUR DE HULL,,,,,,,,,,LIGUE DE BASEBALL DE L'OUTAOUAIS,"9U A Mixte, 9U A Masculin, 9U B Mixte, 9U B Masculin, 11U A Mixte, 11U A Masculin, 11U B Mixte, 11U B Masculin, 9U A Féminin, 9U B Féminin, 11U A Féminin, 11U B Féminin",,
2025-06-09,20:15,22:15,,Parc Fontaine,Parc Fontaine,Plage horaire,,ASSOCIATION BASEBALL AMATEUR DE HULL,,,,,,,,,,LIGUE DE BASEBALL DE L'OUTAOUAIS,"9U A Mixte, 9U A Masculin, 9U B Mixte, 9U B Masculin, 11U A Mixte, 11U A Masculin, 11U B Mixte, 11U B Masculin, 9U A Féminin, 9U B Féminin, 11U A Féminin, 11U B Féminin",,
2025-06-10,18:15,20:15,,Parc Fontaine,Parc Fontaine,Plage horaire,,ASSOCIATION BASEBALL AMATEUR DE HULL,,,,,,,,,,LIGUE DE BASEBALL DE L'OUTAOUAIS,"9U A Mixte, 9U A Masculin, 9U B Mixte, 9U B Masculin, 11U A Mixte, 11U A Masculin, 11U B Mixte, 11U B Masculin, 9U A Féminin, 9U B Féminin, 11U A Féminin, 11U B Féminin",,
2025-06-10,20:15,22:15,,Parc Fontaine,Parc Fontaine,Plage horaire,,ASSOCIATION BASEBALL AMATEUR DE HULL,,,,,,,,,,LIGUE DE BASEBALL DE L'OUTAOUAIS,"9U A Mixte, 9U A Masculin, 9U B Mixte, 9U B Masculin, 11U A Mixte, 11U A Masculin, 11U B Mixte, 11U B Masculin, 9U A Féminin, 9U B Féminin, 11U A Féminin, 11U B Féminin",,
2025-06-11,18:15,20:15,,Parc Fontaine,Parc Fontaine,Plage horaire,,ASSOCIATION BASEBALL AMATEUR DE HULL,,,,,,,,,,LIGUE DE BASEBALL DE L'OUTAOUAIS,"9U A Mixte, 9U A Masculin, 9U B Mixte, 9U B Masculin, 11U A Mixte, 11U A Masculin, 11U B Mixte, 11U B Masculin, 9U A Féminin, 9U B Féminin, 11U A Féminin, 11U B Féminin",,
2025-06-11,20:15,22:15,,Parc Fontaine,Parc Fontaine,Plage horaire,,ASSOCIATION BASEBALL AMATEUR DE HULL,,,,,,,,,,LIGUE DE BASEBALL DE L'OUTAOUAIS,"9U A Mixte, 9U A Masculin, 9U B Mixte, 9U B Masculin, 11U A Mixte, 11U A Masculin, 11U B Mixte, 11U B Masculin, 9U A Féminin, 9U B Féminin, 11U A Féminin, 11U B Féminin",,
2025-06-12,18:15,20:15,,Parc Fontaine,Parc Fontaine,Plage horaire,,ASSOCIATION BASEBALL AMATEUR DE HULL,,,,,,,,,,LIGUE DE BASEBALL DE L'OUTAOUAIS,"9U A Mixte, 9U A Masculin, 9U B Mixte, 9U B Masculin, 11U A Mixte, 11U A Masculin, 11U B Mixte, 11U B Masculin, 9U A Féminin, 9U B Féminin, 11U A Féminin, 11U B Féminin",,
2025-06-12,20:15,22:15,,Parc Fontaine,Parc Fontaine,Plage horaire,,ASSOCIATION BASEBALL AMATEUR DE HULL,,,,,,,,,,LIGUE DE BASEBALL DE L'OUTAOUAIS,"9U A Mixte, 9U A Masculin, 9U B Mixte, 9U B Masculin, 11U A Mixte, 11U A Masculin, 11U B Mixte, 11U B Masculin, 9U A Féminin, 9U B Féminin, 11U A Féminin, 11U B Féminin",,
2025-06-13,18:15,20:15,,Parc Fontaine,Parc Fontaine,Plage horaire,,ASSOCIATION BASEBALL AMATEUR DE HULL,,,,,,,,,,LIGUE DE BASEBALL DE L'OUTAOUAIS,"9U A Mixte, 9U A Masculin, 9U B Mixte, 9U B Masculin, 11U A Mixte, 11U A Masculin, 11U B Mixte, 11U B Masculin, 9U A Féminin, 9U B Féminin, 11U A Féminin, 11U B Féminin",,
2025-06-13,20:15,22:15,,Parc Fontaine,Parc Fontaine,Plage horaire,,ASSOCIATION BASEBALL AMATEUR DE HULL,,,,,,,,,,LIGUE DE BASEBALL DE L'OUTAOUAIS,"9U A Mixte, 9U A Masculin, 9U B Mixte, 9U B Masculin, 11U A Mixte, 11U A Masculin, 11U B Mixte, 11U B Masculin, 9U A Féminin, 9U B Féminin, 11U A Féminin, 11U B Féminin",,
2025-06-14,08:30,10:30,,Parc Fontaine,Parc Fontaine,Plage horaire,,ASSOCIATION BASEBALL AMATEUR DE HULL,,,,,,,,,,,"9U A Mixte, 9U A Masculin, 9U B Mixte, 9U B Masculin, 11U A Mixte, 11U A Masculin, 11U B Mixte, 11U B Masculin, 9U A Féminin, 9U B Féminin, 11U A Féminin",,
2025-06-14,10:30,12:30,,Parc Fontaine,Parc Fontaine,Plage horaire,,ASSOCIATION BASEBALL AMATEUR DE HULL,,,,,,,,,,,"9U A Mixte, 9U A Masculin, 9U B Mixte, 9U B Masculin, 11U A Mixte, 11U A Masculin, 11U B Mixte, 11U B Masculin, 9U A Féminin, 9U B Féminin, 11U A Féminin",,
2025-06-14,12:30,14:30,,Parc Fontaine,Parc Fontaine,Plage horaire,,ASSOCIATION BASEBALL AMATEUR DE HULL,,,,,,,,,,,"9U A Mixte, 9U A Masculin, 9U B Mixte, 9U B Masculin, 11U A Mixte, 11U A Masculin, 11U B Mixte, 11U B Masculin, 9U A Féminin, 9U B Féminin, 11U A Féminin",,
2025-06-14,14:30,16:30,,Parc Fontaine,Parc Fontaine,Plage horaire,,ASSOCIATION BASEBALL AMATEUR DE HULL,,,,,,,,,,,"9U A Mixte, 9U A Masculin, 9U B Mixte, 9U B Masculin, 11U A Mixte, 11U A Masculin, 11U B Mixte, 11U B Masculin, 9U A Féminin, 9U B Féminin, 11U A Féminin",,
2025-06-14,16:30,18:30,,Parc Fontaine,Parc Fontaine,Plage horaire,,ASSOCIATION BASEBALL AMATEUR DE HULL,,,,,,,,,,,"9U A Mixte, 9U A Masculin, 9U B Mixte, 9U B Masculin, 11U A Mixte, 11U A Masculin, 11U B Mixte, 11U B Masculin, 9U A Féminin, 9U B Féminin, 11U A Féminin",,
2025-06-14,18:30,20:30,,Parc Fontaine,Parc Fontaine,Plage horaire,,ASSOCIATION BASEBALL AMATEUR DE HULL,,,,,,,,,,,"9U A Mixte, 9U A Masculin, 9U B Mixte, 9U B Masculin, 11U A Mixte, 11U A Masculin, 11U B Mixte, 11U B Masculin, 9U A Féminin, 9U B Féminin, 11U A Féminin",,
2025-06-14,20:30,22:30,,Parc Fontaine,Parc Fontaine,Plage horaire,,ASSOCIATION BASEBALL AMATEUR DE HULL,,,,,,,,,,,"9U A Mixte, 9U A Masculin, 9U B Mixte, 9U B Masculin, 11U A Mixte, 11U A Masculin, 11U B Mixte, 11U B Masculin, 9U A Féminin, 9U B Féminin, 11U A Féminin",,
2025-06-15,08:30,10:30,,Parc Fontaine,Parc Fontaine,Plage horaire,,ASSOCIATION BASEBALL AMATEUR DE HULL,,,,,,,,,,,"9U A Mixte, 9U A Masculin, 9U B Mixte, 9U B Masculin, 11U A Mixte, 11U A Masculin, 11U B Mixte, 11U B Masculin, 9U A Féminin, 9U B Féminin, 11U A Féminin",,
2025-06-15,10:30,12:30,,Parc Fontaine,Parc Fontaine,Plage horaire,,ASSOCIATION BASEBALL AMATEUR DE HULL,,,,,,,,,,,"9U A Mixte, 9U A Masculin, 9U B Mixte, 9U B Masculin, 11U A Mixte, 11U A Masculin, 11U B Mixte, 11U B Masculin, 9U A Féminin, 9U B Féminin, 11U A Féminin",,
2025-06-15,12:30,14:30,,Parc Fontaine,Parc Fontaine,Plage horaire,,ASSOCIATION BASEBALL AMATEUR DE HULL,,,,,,,,,,,"9U A Mixte, 9U A Masculin, 9U B Mixte, 9U B Masculin, 11U A Mixte, 11U A Masculin, 11U B Mixte, 11U B Masculin, 9U A Féminin, 9U B Féminin, 11U A Féminin",,
2025-06-15,14:30,16:30,,Parc Fontaine,Parc Fontaine,Plage horaire,,ASSOCIATION BASEBALL AMATEUR DE HULL,,,,,,,,,,,"9U A Mixte, 9U A Masculin, 9U B Mixte, 9U B Masculin, 11U A Mixte, 11U A Masculin, 11U B Mixte, 11U B Masculin, 9U A Féminin, 9U B Féminin, 11U A Féminin",,
2025-06-15,16:30,18:30,,Parc Fontaine,Parc Fontaine,Plage horaire,,ASSOCIATION BASEBALL AMATEUR DE HULL,,,,,,,,,,,"9U A Mixte, 9U A Masculin, 9U B Mixte, 9U B Masculin, 11U A Mixte, 11U A Masculin, 11U B Mixte, 11U B Masculin, 9U A Féminin, 9U B Féminin, 11U A Féminin",,
2025-06-15,18:30,20:30,,Parc Fontaine,Parc Fontaine,Plage horaire,,ASSOCIATION BASEBALL AMATEUR DE HULL,,,,,,,,,,,"9U A Mixte, 9U A Masculin, 9U B Mixte, 9U B Masculin, 11U A Mixte, 11U A Masculin, 11U B Mixte, 11U B Masculin, 9U A Féminin, 9U B Féminin, 11U A Féminin",,
2025-06-15,20:30,22:30,,Parc Fontaine,Parc Fontaine,Plage horaire,,ASSOCIATION BASEBALL AMATEUR DE HULL,,,,,,,,,,,"9U A Mixte, 9U A Masculin, 9U B Mixte, 9U B Masculin, 11U A Mixte, 11U A Masculin, 11U B Mixte, 11U B Masculin, 9U A Féminin, 9U B Féminin, 11U A Féminin",,
2025-06-16,18:15,20:15,,Parc Fontaine,Parc Fontaine,Plage horaire,,ASSOCIATION BASEBALL AMATEUR DE HULL,,,,,,,,,,LIGUE DE BASEBALL DE L'OUTAOUAIS,"9U A Mixte, 9U A Masculin, 9U B Mixte, 9U B Masculin, 11U A Mixte, 11U A Masculin, 11U B Mixte, 11U B Masculin, 9U A Féminin, 9U B Féminin, 11U A Féminin, 11U B Féminin",,
2025-06-16,20:15,22:15,,Parc Fontaine,Parc Fontaine,Plage horaire,,ASSOCIATION BASEBALL AMATEUR DE HULL,,,,,,,,,,LIGUE DE BASEBALL DE L'OUTAOUAIS,"9U A Mixte, 9U A Masculin, 9U B Mixte, 9U B Masculin, 11U A Mixte, 11U A Masculin, 11U B Mixte, 11U B Masculin, 9U A Féminin, 9U B Féminin, 11U A Féminin, 11U B Féminin",,
2025-06-17,18:15,20:15,,Parc Fontaine,Parc Fontaine,Plage horaire,,ASSOCIATION BASEBALL AMATEUR DE HULL,,,,,,,,,,LIGUE DE BASEBALL DE L'OUTAOUAIS,"9U A Mixte, 9U A Masculin, 9U B Mixte, 9U B Masculin, 11U A Mixte, 11U A Masculin, 11U B Mixte, 11U B Masculin, 9U A Féminin, 9U B Féminin, 11U A Féminin, 11U B Féminin",,
2025-06-17,20:15,22:15,,Parc Fontaine,Parc Fontaine,Plage horaire,,ASSOCIATION BASEBALL AMATEUR DE HULL,,,,,,,,,,LIGUE DE BASEBALL DE L'OUTAOUAIS,"9U A Mixte, 9U A Masculin, 9U B Mixte, 9U B Masculin, 11U A Mixte, 11U A Masculin, 11U B Mixte, 11U B Masculin, 9U A Féminin, 9U B Féminin, 11U A Féminin, 11U B Féminin",,
2025-06-18,18:15,20:15,,Parc Fontaine,Parc Fontaine,Plage horaire,,ASSOCIATION BASEBALL AMATEUR DE HULL,,,,,,,,,,LIGUE DE BASEBALL DE L'OUTAOUAIS,"9U A Mixte, 9U A Masculin, 9U B Mixte, 9U B Masculin, 11U A Mixte, 11U A Masculin, 11U B Mixte, 11U B Masculin, 9U A Féminin, 9U B Féminin, 11U A Féminin, 11U B Féminin",,
2025-06-18,20:15,22:15,,Parc Fontaine,Parc Fontaine,Plage horaire,,ASSOCIATION BASEBALL AMATEUR DE HULL,,,,,,,,,,LIGUE DE BASEBALL DE L'OUTAOUAIS,"9U A Mixte, 9U A Masculin, 9U B Mixte, 9U B Masculin, 11U A Mixte, 11U A Masculin, 11U B Mixte, 11U B Masculin, 9U A Féminin, 9U B Féminin, 11U A Féminin, 11U B Féminin",,
2025-06-19,18:15,20:15,,Parc Fontaine,Parc Fontaine,Plage horaire,,ASSOCIATION BASEBALL AMATEUR DE HULL,,,,,,,,,,LIGUE DE BASEBALL DE L'OUTAOUAIS,"9U A Mixte, 9U A Masculin, 9U B Mixte, 9U B Masculin, 11U A Mixte, 11U A Masculin, 11U B Mixte, 11U B Masculin, 9U A Féminin, 9U B Féminin, 11U A Féminin, 11U B Féminin",,
2025-06-19,20:15,22:15,,Parc Fontaine,Parc Fontaine,Plage horaire,,ASSOCIATION BASEBALL AMATEUR DE HULL,,,,,,,,,,LIGUE DE BASEBALL DE L'OUTAOUAIS,"9U A Mixte, 9U A Masculin, 9U B Mixte, 9U B Masculin, 11U A Mixte, 11U A Masculin, 11U B Mixte, 11U B Masculin, 9U A Féminin, 9U B Féminin, 11U A Féminin, 11U B Féminin",,
2025-06-20,18:15,20:15,,Parc Fontaine,Parc Fontaine,Plage horaire,,ASSOCIATION BASEBALL AMATEUR DE HULL,,,,,,,,,,LIGUE DE BASEBALL DE L'OUTAOUAIS,"9U A Mixte, 9U A Masculin, 9U B Mixte, 9U B Masculin, 11U A Mixte, 11U A Masculin, 11U B Mixte, 11U B Masculin, 9U A Féminin, 9U B Féminin, 11U A Féminin, 11U B Féminin",,
2025-06-20,20:15,22:15,,Parc Fontaine,Parc Fontaine,Plage horaire,,ASSOCIATION BASEBALL AMATEUR DE HULL,,,,,,,,,,LIGUE DE BASEBALL DE L'OUTAOUAIS,"9U A Mixte, 9U A Masculin, 9U B Mixte, 9U B Masculin, 11U A Mixte, 11U A Masculin, 11U B Mixte, 11U B Masculin, 9U A Féminin, 9U B Féminin, 11U A Féminin, 11U B Féminin",,
2025-06-21,08:30,10:30,,Parc Fontaine,Parc Fontaine,Plage horaire,,ASSOCIATION BASEBALL AMATEUR DE HULL,,,,,,,,,,,"9U A Mixte, 9U A Masculin, 9U B Mixte, 9U B Masculin, 11U A Mixte, 11U A Masculin, 11U B Mixte, 11U B Masculin, 9U A Féminin, 9U B Féminin, 11U A Féminin",,
2025-06-21,10:30,12:30,,Parc Fontaine,Parc Fontaine,Plage horaire,,ASSOCIATION BASEBALL AMATEUR DE HULL,,,,,,,,,,,"9U A Mixte, 9U A Masculin, 9U B Mixte, 9U B Masculin, 11U A Mixte, 11U A Masculin, 11U B Mixte, 11U B Masculin, 9U A Féminin, 9U B Féminin, 11U A Féminin",,
2025-06-21,12:30,14:30,,Parc Fontaine,Parc Fontaine,Plage horaire,,ASSOCIATION BASEBALL AMATEUR DE HULL,,,,,,,,,,,"9U A Mixte, 9U A Masculin, 9U B Mixte, 9U B Masculin, 11U A Mixte, 11U A Masculin, 11U B Mixte, 11U B Masculin, 9U A Féminin, 9U B Féminin, 11U A Féminin",,
2025-06-21,14:30,16:30,,Parc Fontaine,Parc Fontaine,Plage horaire,,ASSOCIATION BASEBALL AMATEUR DE HULL,,,,,,,,,,,"9U A Mixte, 9U A Masculin, 9U B Mixte, 9U B Masculin, 11U A Mixte, 11U A Masculin, 11U B Mixte, 11U B Masculin, 9U A Féminin, 9U B Féminin, 11U A Féminin",,
2025-06-21,16:30,18:30,,Parc Fontaine,Parc Fontaine,Plage horaire,,ASSOCIATION BASEBALL AMATEUR DE HULL,,,,,,,,,,,"9U A Mixte, 9U A Masculin, 9U B Mixte, 9U B Masculin, 11U A Mixte, 11U A Masculin, 11U B Mixte, 11U B Masculin, 9U A Féminin, 9U B Féminin, 11U A Féminin",,
2025-06-21,18:30,20:30,,Parc Fontaine,Parc Fontaine,Plage horaire,,ASSOCIATION BASEBALL AMATEUR DE HULL,,,,,,,,,,,"9U A Mixte, 9U A Masculin, 9U B Mixte, 9U B Masculin, 11U A Mixte, 11U A Masculin, 11U B Mixte, 11U B Masculin, 9U A Féminin, 9U B Féminin, 11U A Féminin",,
2025-06-21,20:30,22:30,,Parc Fontaine,Parc Fontaine,Plage horaire,,ASSOCIATION BASEBALL AMATEUR DE HULL,,,,,,,,,,,"9U A Mixte, 9U A Masculin, 9U B Mixte, 9U B Masculin, 11U A Mixte, 11U A Masculin, 11U B Mixte, 11U B Masculin, 9U A Féminin, 9U B Féminin, 11U A Féminin",,
2025-06-22,08:30,10:30,,Parc Fontaine,Parc Fontaine,Plage horaire,,ASSOCIATION BASEBALL AMATEUR DE HULL,,,,,,,,,,,"9U A Mixte, 9U A Masculin, 9U B Mixte, 9U B Masculin, 11U A Mixte, 11U A Masculin, 11U B Mixte, 11U B Masculin, 9U A Féminin, 9U B Féminin, 11U A Féminin",,
2025-06-22,10:30,12:30,,Parc Fontaine,Parc Fontaine,Plage horaire,,ASSOCIATION BASEBALL AMATEUR DE HULL,,,,,,,,,,,"9U A Mixte, 9U A Masculin, 9U B Mixte, 9U B Masculin, 11U A Mixte, 11U A Masculin, 11U B Mixte, 11U B Masculin, 9U A Féminin, 9U B Féminin, 11U A Féminin",,
2025-06-22,12:30,14:30,,Parc Fontaine,Parc Fontaine,Plage horaire,,ASSOCIATION BASEBALL AMATEUR DE HULL,,,,,,,,,,,"9U A Mixte, 9U A Masculin, 9U B Mixte, 9U B Masculin, 11U A Mixte, 11U A Masculin, 11U B Mixte, 11U B Masculin, 9U A Féminin, 9U B Féminin, 11U A Féminin",,
2025-06-22,14:30,16:30,,Parc Fontaine,Parc Fontaine,Plage horaire,,ASSOCIATION BASEBALL AMATEUR DE HULL,,,,,,,,,,,"9U A Mixte, 9U A Masculin, 9U B Mixte, 9U B Masculin, 11U A Mixte, 11U A Masculin, 11U B Mixte, 11U B Masculin, 9U A Féminin, 9U B Féminin, 11U A Féminin",,
2025-06-22,16:30,18:30,,Parc Fontaine,Parc Fontaine,Plage horaire,,ASSOCIATION BASEBALL AMATEUR DE HULL,,,,,,,,,,,"9U A Mixte, 9U A Masculin, 9U B Mixte, 9U B Masculin, 11U A Mixte, 11U A Masculin, 11U B Mixte, 11U B Masculin, 9U A Féminin, 9U B Féminin, 11U A Féminin",,
2025-06-22,18:30,20:30,,Parc Fontaine,Parc Fontaine,Plage horaire,,ASSOCIATION BASEBALL AMATEUR DE HULL,,,,,,,,,,,"9U A Mixte, 9U A Masculin, 9U B Mixte, 9U B Masculin, 11U A Mixte, 11U A Masculin, 11U B Mixte, 11U B Masculin, 9U A Féminin, 9U B Féminin, 11U A Féminin",,
2025-06-22,20:30,22:30,,Parc Fontaine,Parc Fontaine,Plage horaire,,ASSOCIATION BASEBALL AMATEUR DE HULL,,,,,,,,,,,"9U A Mixte, 9U A Masculin, 9U B Mixte, 9U B Masculin, 11U A Mixte, 11U A Masculin, 11U B Mixte, 11U B Masculin, 9U A Féminin, 9U B Féminin, 11U A Féminin",,
2025-06-23,18:15,20:15,,Parc Fontaine,Parc Fontaine,Plage horaire,,ASSOCIATION BASEBALL AMATEUR DE HULL,,,,,,,,,,LIGUE DE BASEBALL DE L'OUTAOUAIS,"9U A Mixte, 9U A Masculin, 9U B Mixte, 9U B Masculin, 11U A Mixte, 11U A Masculin, 11U B Mixte, 11U B Masculin, 9U A Féminin, 9U B Féminin, 11U A Féminin, 11U B Féminin",,
2025-06-23,20:15,22:15,,Parc Fontaine,Parc Fontaine,Plage horaire,,ASSOCIATION BASEBALL AMATEUR DE HULL,,,,,,,,,,LIGUE DE BASEBALL DE L'OUTAOUAIS,"9U A Mixte, 9U A Masculin, 9U B Mixte, 9U B Masculin, 11U A Mixte, 11U A Masculin, 11U B Mixte, 11U B Masculin, 9U A Féminin, 9U B Féminin, 11U A Féminin, 11U B Féminin",,
2025-06-24,18:15,20:15,,Parc Fontaine,Parc Fontaine,Plage horaire,,ASSOCIATION BASEBALL AMATEUR DE HULL,,,,,,,,,,LIGUE DE BASEBALL DE L'OUTAOUAIS,"9U A Mixte, 9U A Masculin, 9U B Mixte, 9U B Masculin, 11U A Mixte, 11U A Masculin, 11U B Mixte, 11U B Masculin, 9U A Féminin, 9U B Féminin, 11U A Féminin, 11U B Féminin",,
2025-06-24,20:15,22:15,,Parc Fontaine,Parc Fontaine,Plage horaire,,ASSOCIATION BASEBALL AMATEUR DE HULL,,,,,,,,,,LIGUE DE BASEBALL DE L'OUTAOUAIS,"9U A Mixte, 9U A Masculin, 9U B Mixte, 9U B Masculin, 11U A Mixte, 11U A Masculin, 11U B Mixte, 11U B Masculin, 9U A Féminin, 9U B Féminin, 11U A Féminin, 11U B Féminin",,
2025-06-25,18:15,20:15,,Parc Fontaine,Parc Fontaine,Plage horaire,,ASSOCIATION BASEBALL AMATEUR DE HULL,,,,,,,,,,LIGUE DE BASEBALL DE L'OUTAOUAIS,"9U A Mixte, 9U A Masculin, 9U B Mixte, 9U B Masculin, 11U A Mixte, 11U A Masculin, 11U B Mixte, 11U B Masculin, 9U A Féminin, 9U B Féminin, 11U A Féminin, 11U B Féminin",,
2025-06-25,20:15,22:15,,Parc Fontaine,Parc Fontaine,Plage horaire,,ASSOCIATION BASEBALL AMATEUR DE HULL,,,,,,,,,,LIGUE DE BASEBALL DE L'OUTAOUAIS,"9U A Mixte, 9U A Masculin, 9U B Mixte, 9U B Masculin, 11U A Mixte, 11U A Masculin, 11U B Mixte, 11U B Masculin, 9U A Féminin, 9U B Féminin, 11U A Féminin, 11U B Féminin",,
2025-06-26,18:15,20:15,,Parc Fontaine,Parc Fontaine,Plage horaire,,ASSOCIATION BASEBALL AMATEUR DE HULL,,,,,,,,,,LIGUE DE BASEBALL DE L'OUTAOUAIS,"9U A Mixte, 9U A Masculin, 9U B Mixte, 9U B Masculin, 11U A Mixte, 11U A Masculin, 11U B Mixte, 11U B Masculin, 9U A Féminin, 9U B Féminin, 11U A Féminin, 11U B Féminin",,
2025-06-26,20:15,22:15,,Parc Fontaine,Parc Fontaine,Plage horaire,,ASSOCIATION BASEBALL AMATEUR DE HULL,,,,,,,,,,LIGUE DE BASEBALL DE L'OUTAOUAIS,"9U A Mixte, 9U A Masculin, 9U B Mixte, 9U B Masculin, 11U A Mixte, 11U A Masculin, 11U B Mixte, 11U B Masculin, 9U A Féminin, 9U B Féminin, 11U A Féminin, 11U B Féminin",,
2025-06-27,18:15,20:15,,Parc Fontaine,Parc Fontaine,Plage horaire,,ASSOCIATION BASEBALL AMATEUR DE HULL,,,,,,,,,,LIGUE DE BASEBALL DE L'OUTAOUAIS,"9U A Mixte, 9U A Masculin, 9U B Mixte, 9U B Masculin, 11U A Mixte, 11U A Masculin, 11U B Mixte, 11U B Masculin, 9U A Féminin, 9U B Féminin, 11U A Féminin, 11U B Féminin",,
2025-06-27,20:15,22:15,,Parc Fontaine,Parc Fontaine,Plage horaire,,ASSOCIATION BASEBALL AMATEUR DE HULL,,,,,,,,,,LIGUE DE BASEBALL DE L'OUTAOUAIS,"9U A Mixte, 9U A Masculin, 9U B Mixte, 9U B Masculin, 11U A Mixte, 11U A Masculin, 11U B Mixte, 11U B Masculin, 9U A Féminin, 9U B Féminin, 11U A Féminin, 11U B Féminin",,
2025-06-28,08:30,10:30,,Parc Fontaine,Parc Fontaine,Plage horaire,,ASSOCIATION BASEBALL AMATEUR DE HULL,,,,,,,,,,,"9U A Mixte, 9U A Masculin, 9U B Mixte, 9U B Masculin, 11U A Mixte, 11U A Masculin, 11U B Mixte, 11U B Masculin, 9U A Féminin, 9U B Féminin, 11U A Féminin",,
2025-06-28,10:30,12:30,,Parc Fontaine,Parc Fontaine,Plage horaire,,ASSOCIATION BASEBALL AMATEUR DE HULL,,,,,,,,,,,"9U A Mixte, 9U A Masculin, 9U B Mixte, 9U B Masculin, 11U A Mixte, 11U A Masculin, 11U B Mixte, 11U B Masculin, 9U A Féminin, 9U B Féminin, 11U A Féminin",,
2025-06-28,12:30,14:30,,Parc Fontaine,Parc Fontaine,Plage horaire,,ASSOCIATION BASEBALL AMATEUR DE HULL,,,,,,,,,,,"9U A Mixte, 9U A Masculin, 9U B Mixte, 9U B Masculin, 11U A Mixte, 11U A Masculin, 11U B Mixte, 11U B Masculin, 9U A Féminin, 9U B Féminin, 11U A Féminin",,
2025-06-28,14:30,16:30,,Parc Fontaine,Parc Fontaine,Plage horaire,,ASSOCIATION BASEBALL AMATEUR DE HULL,,,,,,,,,,,"9U A Mixte, 9U A Masculin, 9U B Mixte, 9U B Masculin, 11U A Mixte, 11U A Masculin, 11U B Mixte, 11U B Masculin, 9U A Féminin, 9U B Féminin, 11U A Féminin",,
2025-06-28,16:30,18:30,,Parc Fontaine,Parc Fontaine,Plage horaire,,ASSOCIATION BASEBALL AMATEUR DE HULL,,,,,,,,,,,"9U A Mixte, 9U A Masculin, 9U B Mixte, 9U B Masculin, 11U A Mixte, 11U A Masculin, 11U B Mixte, 11U B Masculin, 9U A Féminin, 9U B Féminin, 11U A Féminin",,
2025-06-28,18:30,20:30,,Parc Fontaine,Parc Fontaine,Plage horaire,,ASSOCIATION BASEBALL AMATEUR DE HULL,,,,,,,,,,,"9U A Mixte, 9U A Masculin, 9U B Mixte, 9U B Masculin, 11U A Mixte, 11U A Masculin, 11U B Mixte, 11U B Masculin, 9U A Féminin, 9U B Féminin, 11U A Féminin",,
2025-06-28,20:30,22:30,,Parc Fontaine,Parc Fontaine,Plage horaire,,ASSOCIATION BASEBALL AMATEUR DE HULL,,,,,,,,,,,"9U A Mixte, 9U A Masculin, 9U B Mixte, 9U B Masculin, 11U A Mixte, 11U A Masculin, 11U B Mixte, 11U B Masculin, 9U A Féminin, 9U B Féminin, 11U A Féminin",,
2025-06-29,08:30,10:30,,Parc Fontaine,Parc Fontaine,Plage horaire,,ASSOCIATION BASEBALL AMATEUR DE HULL,,,,,,,,,,,"9U A Mixte, 9U A Masculin, 9U B Mixte, 9U B Masculin, 11U A Mixte, 11U A Masculin, 11U B Mixte, 11U B Masculin, 9U A Féminin, 9U B Féminin, 11U A Féminin",,
2025-06-29,10:30,12:30,,Parc Fontaine,Parc Fontaine,Plage horaire,,ASSOCIATION BASEBALL AMATEUR DE HULL,,,,,,,,,,,"9U A Mixte, 9U A Masculin, 9U B Mixte, 9U B Masculin, 11U A Mixte, 11U A Masculin, 11U B Mixte, 11U B Masculin, 9U A Féminin, 9U B Féminin, 11U A Féminin",,
2025-06-29,12:30,14:30,,Parc Fontaine,Parc Fontaine,Plage horaire,,ASSOCIATION BASEBALL AMATEUR DE HULL,,,,,,,,,,,"9U A Mixte, 9U A Masculin, 9U B Mixte, 9U B Masculin, 11U A Mixte, 11U A Masculin, 11U B Mixte, 11U B Masculin, 9U A Féminin, 9U B Féminin, 11U A Féminin",,
2025-06-29,14:30,16:30,,Parc Fontaine,Parc Fontaine,Plage horaire,,ASSOCIATION BASEBALL AMATEUR DE HULL,,,,,,,,,,,"9U A Mixte, 9U A Masculin, 9U B Mixte, 9U B Masculin, 11U A Mixte, 11U A Masculin, 11U B Mixte, 11U B Masculin, 9U A Féminin, 9U B Féminin, 11U A Féminin",,
2025-06-29,16:30,18:30,,Parc Fontaine,Parc Fontaine,Plage horaire,,ASSOCIATION BASEBALL AMATEUR DE HULL,,,,,,,,,,,"9U A Mixte, 9U A Masculin, 9U B Mixte, 9U B Masculin, 11U A Mixte, 11U A Masculin, 11U B Mixte, 11U B Masculin, 9U A Féminin, 9U B Féminin, 11U A Féminin",,
2025-06-29,18:30,20:30,,Parc Fontaine,Parc Fontaine,Plage horaire,,ASSOCIATION BASEBALL AMATEUR DE HULL,,,,,,,,,,,"9U A Mixte, 9U A Masculin, 9U B Mixte, 9U B Masculin, 11U A Mixte, 11U A Masculin, 11U B Mixte, 11U B Masculin, 9U A Féminin, 9U B Féminin, 11U A Féminin",,
2025-06-29,20:30,22:30,,Parc Fontaine,Parc Fontaine,Plage horaire,,ASSOCIATION BASEBALL AMATEUR DE HULL,,,,,,,,,,,"9U A Mixte, 9U A Masculin, 9U B Mixte, 9U B Masculin, 11U A Mixte, 11U A Masculin, 11U B Mixte, 11U B Masculin, 9U A Féminin, 9U B Féminin, 11U A Féminin",,
2025-06-30,18:15,20:15,,Parc Fontaine,Parc Fontaine,Plage horaire,,ASSOCIATION BASEBALL AMATEUR DE HULL,,,,,,,,,,LIGUE DE BASEBALL DE L'OUTAOUAIS,"9U A Mixte, 9U A Masculin, 9U B Mixte, 9U B Masculin, 11U A Mixte, 11U A Masculin, 11U B Mixte, 11U B Masculin, 9U A Féminin, 9U B Féminin, 11U A Féminin, 11U B Féminin",,
2025-06-30,20:15,22:15,,Parc Fontaine,Parc Fontaine,Plage horaire,,ASSOCIATION BASEBALL AMATEUR DE HULL,,,,,,,,,,LIGUE DE BASEBALL DE L'OUTAOUAIS,"9U A Mixte, 9U A Masculin, 9U B Mixte, 9U B Masculin, 11U A Mixte, 11U A Masculin, 11U B Mixte, 11U B Masculin, 9U A Féminin, 9U B Féminin, 11U A Féminin, 11U B Féminin",,
2025-07-01,18:15,20:15,,Parc Fontaine,Parc Fontaine,Plage horaire,,ASSOCIATION BASEBALL AMATEUR DE HULL,,,,,,,,,,LIGUE DE BASEBALL DE L'OUTAOUAIS,"9U A Mixte, 9U A Masculin, 9U B Mixte, 9U B Masculin, 11U A Mixte, 11U A Masculin, 11U B Mixte, 11U B Masculin, 9U A Féminin, 9U B Féminin, 11U A Féminin, 11U B Féminin",,
2025-07-01,20:15,22:15,,Parc Fontaine,Parc Fontaine,Plage horaire,,ASSOCIATION BASEBALL AMATEUR DE HULL,,,,,,,,,,LIGUE DE BASEBALL DE L'OUTAOUAIS,"9U A Mixte, 9U A Masculin, 9U B Mixte, 9U B Masculin, 11U A Mixte, 11U A Masculin, 11U B Mixte, 11U B Masculin, 9U A Féminin, 9U B Féminin, 11U A Féminin, 11U B Féminin",,
2025-07-02,18:15,20:15,,Parc Fontaine,Parc Fontaine,Plage horaire,,ASSOCIATION BASEBALL AMATEUR DE HULL,,,,,,,,,,LIGUE DE BASEBALL DE L'OUTAOUAIS,"9U A Mixte, 9U A Masculin, 9U B Mixte, 9U B Masculin, 11U A Mixte, 11U A Masculin, 11U B Mixte, 11U B Masculin, 9U A Féminin, 9U B Féminin, 11U A Féminin, 11U B Féminin",,
2025-07-02,20:15,22:15,,Parc Fontaine,Parc Fontaine,Plage horaire,,ASSOCIATION BASEBALL AMATEUR DE HULL,,,,,,,,,,LIGUE DE BASEBALL DE L'OUTAOUAIS,"9U A Mixte, 9U A Masculin, 9U B Mixte, 9U B Masculin, 11U A Mixte, 11U A Masculin, 11U B Mixte, 11U B Masculin, 9U A Féminin, 9U B Féminin, 11U A Féminin, 11U B Féminin",,
2025-07-03,18:15,20:15,,Parc Fontaine,Parc Fontaine,Plage horaire,,ASSOCIATION BASEBALL AMATEUR DE HULL,,,,,,,,,,LIGUE DE BASEBALL DE L'OUTAOUAIS,"9U A Mixte, 9U A Masculin, 9U B Mixte, 9U B Masculin, 11U A Mixte, 11U A Masculin, 11U B Mixte, 11U B Masculin, 9U A Féminin, 9U B Féminin, 11U A Féminin, 11U B Féminin",,
2025-07-03,20:15,22:15,,Parc Fontaine,Parc Fontaine,Plage horaire,,ASSOCIATION BASEBALL AMATEUR DE HULL,,,,,,,,,,LIGUE DE BASEBALL DE L'OUTAOUAIS,"9U A Mixte, 9U A Masculin, 9U B Mixte, 9U B Masculin, 11U A Mixte, 11U A Masculin, 11U B Mixte, 11U B Masculin, 9U A Féminin, 9U B Féminin, 11U A Féminin, 11U B Féminin",,
2025-07-04,18:15,20:15,,Parc Fontaine,Parc Fontaine,Plage horaire,,ASSOCIATION BASEBALL AMATEUR DE HULL,,,,,,,,,,LIGUE DE BASEBALL DE L'OUTAOUAIS,"9U A Mixte, 9U A Masculin, 9U B Mixte, 9U B Masculin, 11U A Mixte, 11U A Masculin, 11U B Mixte, 11U B Masculin, 9U A Féminin, 9U B Féminin, 11U A Féminin, 11U B Féminin",,
2025-07-04,20:15,22:15,,Parc Fontaine,Parc Fontaine,Plage horaire,,ASSOCIATION BASEBALL AMATEUR DE HULL,,,,,,,,,,LIGUE DE BASEBALL DE L'OUTAOUAIS,"9U A Mixte, 9U A Masculin, 9U B Mixte, 9U B Masculin, 11U A Mixte, 11U A Masculin, 11U B Mixte, 11U B Masculin, 9U A Féminin, 9U B Féminin, 11U A Féminin, 11U B Féminin",,
2025-07-05,08:30,10:30,,Parc Fontaine,Parc Fontaine,Plage horaire,,ASSOCIATION BASEBALL AMATEUR DE HULL,,,,,,,,,,,"9U A Mixte, 9U A Masculin, 9U B Mixte, 9U B Masculin, 11U A Mixte, 11U A Masculin, 11U B Mixte, 11U B Masculin, 9U A Féminin, 9U B Féminin, 11U A Féminin",,
2025-07-05,10:30,12:30,,Parc Fontaine,Parc Fontaine,Plage horaire,,ASSOCIATION BASEBALL AMATEUR DE HULL,,,,,,,,,,,"9U A Mixte, 9U A Masculin, 9U B Mixte, 9U B Masculin, 11U A Mixte, 11U A Masculin, 11U B Mixte, 11U B Masculin, 9U A Féminin, 9U B Féminin, 11U A Féminin",,
2025-07-05,12:30,14:30,,Parc Fontaine,Parc Fontaine,Plage horaire,,ASSOCIATION BASEBALL AMATEUR DE HULL,,,,,,,,,,,"9U A Mixte, 9U A Masculin, 9U B Mixte, 9U B Masculin, 11U A Mixte, 11U A Masculin, 11U B Mixte, 11U B Masculin, 9U A Féminin, 9U B Féminin, 11U A Féminin",,
2025-07-05,14:30,16:30,,Parc Fontaine,Parc Fontaine,Plage horaire,,ASSOCIATION BASEBALL AMATEUR DE HULL,,,,,,,,,,,"9U A Mixte, 9U A Masculin, 9U B Mixte, 9U B Masculin, 11U A Mixte, 11U A Masculin, 11U B Mixte, 11U B Masculin, 9U A Féminin, 9U B Féminin, 11U A Féminin",,
2025-07-05,16:30,18:30,,Parc Fontaine,Parc Fontaine,Plage horaire,,ASSOCIATION BASEBALL AMATEUR DE HULL,,,,,,,,,,,"9U A Mixte, 9U A Masculin, 9U B Mixte, 9U B Masculin, 11U A Mixte, 11U A Masculin, 11U B Mixte, 11U B Masculin, 9U A Féminin, 9U B Féminin, 11U A Féminin",,
2025-07-05,18:30,20:30,,Parc Fontaine,Parc Fontaine,Plage horaire,,ASSOCIATION BASEBALL AMATEUR DE HULL,,,,,,,,,,,"9U A Mixte, 9U A Masculin, 9U B Mixte, 9U B Masculin, 11U A Mixte, 11U A Masculin, 11U B Mixte, 11U B Masculin, 9U A Féminin, 9U B Féminin, 11U A Féminin",,
2025-07-05,20:30,22:30,,Parc Fontaine,Parc Fontaine,Plage horaire,,ASSOCIATION BASEBALL AMATEUR DE HULL,,,,,,,,,,,"9U A Mixte, 9U A Masculin, 9U B Mixte, 9U B Masculin, 11U A Mixte, 11U A Masculin, 11U B Mixte, 11U B Masculin, 9U A Féminin, 9U B Féminin, 11U A Féminin",,
2025-07-06,08:30,10:30,,Parc Fontaine,Parc Fontaine,Plage horaire,,ASSOCIATION BASEBALL AMATEUR DE HULL,,,,,,,,,,,"9U A Mixte, 9U A Masculin, 9U B Mixte, 9U B Masculin, 11U A Mixte, 11U A Masculin, 11U B Mixte, 11U B Masculin, 9U A Féminin, 9U B Féminin, 11U A Féminin",,
2025-07-06,10:30,12:30,,Parc Fontaine,Parc Fontaine,Plage horaire,,ASSOCIATION BASEBALL AMATEUR DE HULL,,,,,,,,,,,"9U A Mixte, 9U A Masculin, 9U B Mixte, 9U B Masculin, 11U A Mixte, 11U A Masculin, 11U B Mixte, 11U B Masculin, 9U A Féminin, 9U B Féminin, 11U A Féminin",,
2025-07-06,12:30,14:30,,Parc Fontaine,Parc Fontaine,Plage horaire,,ASSOCIATION BASEBALL AMATEUR DE HULL,,,,,,,,,,,"9U A Mixte, 9U A Masculin, 9U B Mixte, 9U B Masculin, 11U A Mixte, 11U A Masculin, 11U B Mixte, 11U B Masculin, 9U A Féminin, 9U B Féminin, 11U A Féminin",,
2025-07-06,14:30,16:30,,Parc Fontaine,Parc Fontaine,Plage horaire,,ASSOCIATION BASEBALL AMATEUR DE HULL,,,,,,,,,,,"9U A Mixte, 9U A Masculin, 9U B Mixte, 9U B Masculin, 11U A Mixte, 11U A Masculin, 11U B Mixte, 11U B Masculin, 9U A Féminin, 9U B Féminin, 11U A Féminin",,
2025-07-06,16:30,18:30,,Parc Fontaine,Parc Fontaine,Plage horaire,,ASSOCIATION BASEBALL AMATEUR DE HULL,,,,,,,,,,,"9U A Mixte, 9U A Masculin, 9U B Mixte, 9U B Masculin, 11U A Mixte, 11U A Masculin, 11U B Mixte, 11U B Masculin, 9U A Féminin, 9U B Féminin, 11U A Féminin",,
2025-07-06,18:30,20:30,,Parc Fontaine,Parc Fontaine,Plage horaire,,ASSOCIATION BASEBALL AMATEUR DE HULL,,,,,,,,,,,"9U A Mixte, 9U A Masculin, 9U B Mixte, 9U B Masculin, 11U A Mixte, 11U A Masculin, 11U B Mixte, 11U B Masculin, 9U A Féminin, 9U B Féminin, 11U A Féminin",,
2025-07-06,20:30,22:30,,Parc Fontaine,Parc Fontaine,Plage horaire,,ASSOCIATION BASEBALL AMATEUR DE HULL,,,,,,,,,,,"9U A Mixte, 9U A Masculin, 9U B Mixte, 9U B Masculin, 11U A Mixte, 11U A Masculin, 11U B Mixte, 11U B Masculin, 9U A Féminin, 9U B Féminin, 11U A Féminin",,
2025-07-07,18:15,20:15,,Parc Fontaine,Parc Fontaine,Plage horaire,,ASSOCIATION BASEBALL AMATEUR DE HULL,,,,,,,,,,LIGUE DE BASEBALL DE L'OUTAOUAIS,"9U A Mixte, 9U A Masculin, 9U B Mixte, 9U B Masculin, 11U A Mixte, 11U A Masculin, 11U B Mixte, 11U B Masculin, 9U A Féminin, 9U B Féminin, 11U A Féminin, 11U B Féminin",,
2025-07-07,20:15,22:15,,Parc Fontaine,Parc Fontaine,Plage horaire,,ASSOCIATION BASEBALL AMATEUR DE HULL,,,,,,,,,,LIGUE DE BASEBALL DE L'OUTAOUAIS,"9U A Mixte, 9U A Masculin, 9U B Mixte, 9U B Masculin, 11U A Mixte, 11U A Masculin, 11U B Mixte, 11U B Masculin, 9U A Féminin, 9U B Féminin, 11U A Féminin, 11U B Féminin",,
2025-07-08,18:15,20:15,,Parc Fontaine,Parc Fontaine,Plage horaire,,ASSOCIATION BASEBALL AMATEUR DE HULL,,,,,,,,,,LIGUE DE BASEBALL DE L'OUTAOUAIS,"9U A Mixte, 9U A Masculin, 9U B Mixte, 9U B Masculin, 11U A Mixte, 11U A Masculin, 11U B Mixte, 11U B Masculin, 9U A Féminin, 9U B Féminin, 11U A Féminin, 11U B Féminin",,
2025-07-08,20:15,22:15,,Parc Fontaine,Parc Fontaine,Plage horaire,,ASSOCIATION BASEBALL AMATEUR DE HULL,,,,,,,,,,LIGUE DE BASEBALL DE L'OUTAOUAIS,"9U A Mixte, 9U A Masculin, 9U B Mixte, 9U B Masculin, 11U A Mixte, 11U A Masculin, 11U B Mixte, 11U B Masculin, 9U A Féminin, 9U B Féminin, 11U A Féminin, 11U B Féminin",,
2025-07-09,18:15,20:15,,Parc Fontaine,Parc Fontaine,Plage horaire,,ASSOCIATION BASEBALL AMATEUR DE HULL,,,,,,,,,,LIGUE DE BASEBALL DE L'OUTAOUAIS,"9U A Mixte, 9U A Masculin, 9U B Mixte, 9U B Masculin, 11U A Mixte, 11U A Masculin, 11U B Mixte, 11U B Masculin, 9U A Féminin, 9U B Féminin, 11U A Féminin, 11U B Féminin",,
2025-07-09,20:15,22:15,,Parc Fontaine,Parc Fontaine,Plage horaire,,ASSOCIATION BASEBALL AMATEUR DE HULL,,,,,,,,,,LIGUE DE BASEBALL DE L'OUTAOUAIS,"9U A Mixte, 9U A Masculin, 9U B Mixte, 9U B Masculin, 11U A Mixte, 11U A Masculin, 11U B Mixte, 11U B Masculin, 9U A Féminin, 9U B Féminin, 11U A Féminin, 11U B Féminin",,
2025-07-10,18:15,20:15,,Parc Fontaine,Parc Fontaine,Plage horaire,,ASSOCIATION BASEBALL AMATEUR DE HULL,,,,,,,,,,LIGUE DE BASEBALL DE L'OUTAOUAIS,"9U A Mixte, 9U A Masculin, 9U B Mixte, 9U B Masculin, 11U A Mixte, 11U A Masculin, 11U B Mixte, 11U B Masculin, 9U A Féminin, 9U B Féminin, 11U A Féminin, 11U B Féminin",,
2025-07-10,20:15,22:15,,Parc Fontaine,Parc Fontaine,Plage horaire,,ASSOCIATION BASEBALL AMATEUR DE HULL,,,,,,,,,,LIGUE DE BASEBALL DE L'OUTAOUAIS,"9U A Mixte, 9U A Masculin, 9U B Mixte, 9U B Masculin, 11U A Mixte, 11U A Masculin, 11U B Mixte, 11U B Masculin, 9U A Féminin, 9U B Féminin, 11U A Féminin, 11U B Féminin",,
2025-07-11,18:15,20:15,,Parc Fontaine,Parc Fontaine,Plage horaire,,ASSOCIATION BASEBALL AMATEUR DE HULL,,,,,,,,,,LIGUE DE BASEBALL DE L'OUTAOUAIS,"9U A Mixte, 9U A Masculin, 9U B Mixte, 9U B Masculin, 11U A Mixte, 11U A Masculin, 11U B Mixte, 11U B Masculin, 9U A Féminin, 9U B Féminin, 11U A Féminin, 11U B Féminin",,
2025-07-11,20:15,22:15,,Parc Fontaine,Parc Fontaine,Plage horaire,,ASSOCIATION BASEBALL AMATEUR DE HULL,,,,,,,,,,LIGUE DE BASEBALL DE L'OUTAOUAIS,"9U A Mixte, 9U A Masculin, 9U B Mixte, 9U B Masculin, 11U A Mixte, 11U A Masculin, 11U B Mixte, 11U B Masculin, 9U A Féminin, 9U B Féminin, 11U A Féminin, 11U B Féminin",,
2025-07-12,08:30,10:30,,Parc Fontaine,Parc Fontaine,Plage horaire,,ASSOCIATION BASEBALL AMATEUR DE HULL,,,,,,,,,,,"9U A Mixte, 9U A Masculin, 9U B Mixte, 9U B Masculin, 11U A Mixte, 11U A Masculin, 11U B Mixte, 11U B Masculin, 9U A Féminin, 9U B Féminin, 11U A Féminin",,
2025-07-12,10:30,12:30,,Parc Fontaine,Parc Fontaine,Plage horaire,,ASSOCIATION BASEBALL AMATEUR DE HULL,,,,,,,,,,,"9U A Mixte, 9U A Masculin, 9U B Mixte, 9U B Masculin, 11U A Mixte, 11U A Masculin, 11U B Mixte, 11U B Masculin, 9U A Féminin, 9U B Féminin, 11U A Féminin",,
2025-07-12,12:30,14:30,,Parc Fontaine,Parc Fontaine,Plage horaire,,ASSOCIATION BASEBALL AMATEUR DE HULL,,,,,,,,,,,"9U A Mixte, 9U A Masculin, 9U B Mixte, 9U B Masculin, 11U A Mixte, 11U A Masculin, 11U B Mixte, 11U B Masculin, 9U A Féminin, 9U B Féminin, 11U A Féminin",,
2025-07-12,14:30,16:30,,Parc Fontaine,Parc Fontaine,Plage horaire,,ASSOCIATION BASEBALL AMATEUR DE HULL,,,,,,,,,,,"9U A Mixte, 9U A Masculin, 9U B Mixte, 9U B Masculin, 11U A Mixte, 11U A Masculin, 11U B Mixte, 11U B Masculin, 9U A Féminin, 9U B Féminin, 11U A Féminin",,
2025-07-12,16:30,18:30,,Parc Fontaine,Parc Fontaine,Plage horaire,,ASSOCIATION BASEBALL AMATEUR DE HULL,,,,,,,,,,,"9U A Mixte, 9U A Masculin, 9U B Mixte, 9U B Masculin, 11U A Mixte, 11U A Masculin, 11U B Mixte, 11U B Masculin, 9U A Féminin, 9U B Féminin, 11U A Féminin",,
2025-07-12,18:30,20:30,,Parc Fontaine,Parc Fontaine,Plage horaire,,ASSOCIATION BASEBALL AMATEUR DE HULL,,,,,,,,,,,"9U A Mixte, 9U A Masculin, 9U B Mixte, 9U B Masculin, 11U A Mixte, 11U A Masculin, 11U B Mixte, 11U B Masculin, 9U A Féminin, 9U B Féminin, 11U A Féminin",,
2025-07-12,20:30,22:30,,Parc Fontaine,Parc Fontaine,Plage horaire,,ASSOCIATION BASEBALL AMATEUR DE HULL,,,,,,,,,,,"9U A Mixte, 9U A Masculin, 9U B Mixte, 9U B Masculin, 11U A Mixte, 11U A Masculin, 11U B Mixte, 11U B Masculin, 9U A Féminin, 9U B Féminin, 11U A Féminin",,
2025-07-13,08:30,10:30,,Parc Fontaine,Parc Fontaine,Plage horaire,,ASSOCIATION BASEBALL AMATEUR DE HULL,,,,,,,,,,,"9U A Mixte, 9U A Masculin, 9U B Mixte, 9U B Masculin, 11U A Mixte, 11U A Masculin, 11U B Mixte, 11U B Masculin, 9U A Féminin, 9U B Féminin, 11U A Féminin",,
2025-07-13,10:30,12:30,,Parc Fontaine,Parc Fontaine,Plage horaire,,ASSOCIATION BASEBALL AMATEUR DE HULL,,,,,,,,,,,"9U A Mixte, 9U A Masculin, 9U B Mixte, 9U B Masculin, 11U A Mixte, 11U A Masculin, 11U B Mixte, 11U B Masculin, 9U A Féminin, 9U B Féminin, 11U A Féminin",,
2025-07-13,12:30,14:30,,Parc Fontaine,Parc Fontaine,Plage horaire,,ASSOCIATION BASEBALL AMATEUR DE HULL,,,,,,,,,,,"9U A Mixte, 9U A Masculin, 9U B Mixte, 9U B Masculin, 11U A Mixte, 11U A Masculin, 11U B Mixte, 11U B Masculin, 9U A Féminin, 9U B Féminin, 11U A Féminin",,
2025-07-13,14:30,16:30,,Parc Fontaine,Parc Fontaine,Plage horaire,,ASSOCIATION BASEBALL AMATEUR DE HULL,,,,,,,,,,,"9U A Mixte, 9U A Masculin, 9U B Mixte, 9U B Masculin, 11U A Mixte, 11U A Masculin, 11U B Mixte, 11U B Masculin, 9U A Féminin, 9U B Féminin, 11U A Féminin",,
2025-07-13,16:30,18:30,,Parc Fontaine,Parc Fontaine,Plage horaire,,ASSOCIATION BASEBALL AMATEUR DE HULL,,,,,,,,,,,"9U A Mixte, 9U A Masculin, 9U B Mixte, 9U B Masculin, 11U A Mixte, 11U A Masculin, 11U B Mixte, 11U B Masculin, 9U A Féminin, 9U B Féminin, 11U A Féminin",,
2025-07-13,18:30,20:30,,Parc Fontaine,Parc Fontaine,Plage horaire,,ASSOCIATION BASEBALL AMATEUR DE HULL,,,,,,,,,,,"9U A Mixte, 9U A Masculin, 9U B Mixte, 9U B Masculin, 11U A Mixte, 11U A Masculin, 11U B Mixte, 11U B Masculin, 9U A Féminin, 9U B Féminin, 11U A Féminin",,
2025-07-13,20:30,22:30,,Parc Fontaine,Parc Fontaine,Plage horaire,,ASSOCIATION BASEBALL AMATEUR DE HULL,,,,,,,,,,,"9U A Mixte, 9U A Masculin, 9U B Mixte, 9U B Masculin, 11U A Mixte, 11U A Masculin, 11U B Mixte, 11U B Masculin, 9U A Féminin, 9U B Féminin, 11U A Féminin",,
2025-07-14,18:15,20:15,,Parc Fontaine,Parc Fontaine,Plage horaire,,ASSOCIATION BASEBALL AMATEUR DE HULL,,,,,,,,,,LIGUE DE BASEBALL DE L'OUTAOUAIS,"9U A Mixte, 9U A Masculin, 9U B Mixte, 9U B Masculin, 11U A Mixte, 11U A Masculin, 11U B Mixte, 11U B Masculin, 9U A Féminin, 9U B Féminin, 11U A Féminin, 11U B Féminin",,
2025-07-14,20:15,22:15,,Parc Fontaine,Parc Fontaine,Plage horaire,,ASSOCIATION BASEBALL AMATEUR DE HULL,,,,,,,,,,LIGUE DE BASEBALL DE L'OUTAOUAIS,"9U A Mixte, 9U A Masculin, 9U B Mixte, 9U B Masculin, 11U A Mixte, 11U A Masculin, 11U B Mixte, 11U B Masculin, 9U A Féminin, 9U B Féminin, 11U A Féminin, 11U B Féminin",,
2025-07-15,18:15,20:15,,Parc Fontaine,Parc Fontaine,Plage horaire,,ASSOCIATION BASEBALL AMATEUR DE HULL,,,,,,,,,,LIGUE DE BASEBALL DE L'OUTAOUAIS,"9U A Mixte, 9U A Masculin, 9U B Mixte, 9U B Masculin, 11U A Mixte, 11U A Masculin, 11U B Mixte, 11U B Masculin, 9U A Féminin, 9U B Féminin, 11U A Féminin, 11U B Féminin",,
2025-07-15,20:15,22:15,,Parc Fontaine,Parc Fontaine,Plage horaire,,ASSOCIATION BASEBALL AMATEUR DE HULL,,,,,,,,,,LIGUE DE BASEBALL DE L'OUTAOUAIS,"9U A Mixte, 9U A Masculin, 9U B Mixte, 9U B Masculin, 11U A Mixte, 11U A Masculin, 11U B Mixte, 11U B Masculin, 9U A Féminin, 9U B Féminin, 11U A Féminin, 11U B Féminin",,
2025-07-16,18:15,20:15,,Parc Fontaine,Parc Fontaine,Plage horaire,,ASSOCIATION BASEBALL AMATEUR DE HULL,,,,,,,,,,LIGUE DE BASEBALL DE L'OUTAOUAIS,"9U A Mixte, 9U A Masculin, 9U B Mixte, 9U B Masculin, 11U A Mixte, 11U A Masculin, 11U B Mixte, 11U B Masculin, 9U A Féminin, 9U B Féminin, 11U A Féminin, 11U B Féminin",,
2025-07-16,20:15,22:15,,Parc Fontaine,Parc Fontaine,Plage horaire,,ASSOCIATION BASEBALL AMATEUR DE HULL,,,,,,,,,,LIGUE DE BASEBALL DE L'OUTAOUAIS,"9U A Mixte, 9U A Masculin, 9U B Mixte, 9U B Masculin, 11U A Mixte, 11U A Masculin, 11U B Mixte, 11U B Masculin, 9U A Féminin, 9U B Féminin, 11U A Féminin, 11U B Féminin",,
2025-07-17,18:15,20:15,,Parc Fontaine,Parc Fontaine,Plage horaire,,ASSOCIATION BASEBALL AMATEUR DE HULL,,,,,,,,,,LIGUE DE BASEBALL DE L'OUTAOUAIS,"9U A Mixte, 9U A Masculin, 9U B Mixte, 9U B Masculin, 11U A Mixte, 11U A Masculin, 11U B Mixte, 11U B Masculin, 9U A Féminin, 9U B Féminin, 11U A Féminin, 11U B Féminin",,
2025-07-17,20:15,22:15,,Parc Fontaine,Parc Fontaine,Plage horaire,,ASSOCIATION BASEBALL AMATEUR DE HULL,,,,,,,,,,LIGUE DE BASEBALL DE L'OUTAOUAIS,"9U A Mixte, 9U A Masculin, 9U B Mixte, 9U B Masculin, 11U A Mixte, 11U A Masculin, 11U B Mixte, 11U B Masculin, 9U A Féminin, 9U B Féminin, 11U A Féminin, 11U B Féminin",,
2025-07-18,18:15,20:15,,Parc Fontaine,Parc Fontaine,Plage horaire,,ASSOCIATION BASEBALL AMATEUR DE HULL,,,,,,,,,,LIGUE DE BASEBALL DE L'OUTAOUAIS,"9U A Mixte, 9U A Masculin, 9U B Mixte, 9U B Masculin, 11U A Mixte, 11U A Masculin, 11U B Mixte, 11U B Masculin, 9U A Féminin, 9U B Féminin, 11U A Féminin, 11U B Féminin",,
2025-07-18,20:15,22:15,,Parc Fontaine,Parc Fontaine,Plage horaire,,ASSOCIATION BASEBALL AMATEUR DE HULL,,,,,,,,,,LIGUE DE BASEBALL DE L'OUTAOUAIS,"9U A Mixte, 9U A Masculin, 9U B Mixte, 9U B Masculin, 11U A Mixte, 11U A Masculin, 11U B Mixte, 11U B Masculin, 9U A Féminin, 9U B Féminin, 11U A Féminin, 11U B Féminin",,
2025-07-19,08:30,10:30,,Parc Fontaine,Parc Fontaine,Plage horaire,,ASSOCIATION BASEBALL AMATEUR DE HULL,,,,,,,,,,,"9U A Mixte, 9U A Masculin, 9U B Mixte, 9U B Masculin, 11U A Mixte, 11U A Masculin, 11U B Mixte, 11U B Masculin, 9U A Féminin, 9U B Féminin, 11U A Féminin",,
2025-07-19,10:30,12:30,,Parc Fontaine,Parc Fontaine,Plage horaire,,ASSOCIATION BASEBALL AMATEUR DE HULL,,,,,,,,,,,"9U A Mixte, 9U A Masculin, 9U B Mixte, 9U B Masculin, 11U A Mixte, 11U A Masculin, 11U B Mixte, 11U B Masculin, 9U A Féminin, 9U B Féminin, 11U A Féminin",,
2025-07-19,12:30,14:30,,Parc Fontaine,Parc Fontaine,Plage horaire,,ASSOCIATION BASEBALL AMATEUR DE HULL,,,,,,,,,,,"9U A Mixte, 9U A Masculin, 9U B Mixte, 9U B Masculin, 11U A Mixte, 11U A Masculin, 11U B Mixte, 11U B Masculin, 9U A Féminin, 9U B Féminin, 11U A Féminin",,
2025-07-19,14:30,16:30,,Parc Fontaine,Parc Fontaine,Plage horaire,,ASSOCIATION BASEBALL AMATEUR DE HULL,,,,,,,,,,,"9U A Mixte, 9U A Masculin, 9U B Mixte, 9U B Masculin, 11U A Mixte, 11U A Masculin, 11U B Mixte, 11U B Masculin, 9U A Féminin, 9U B Féminin, 11U A Féminin",,
2025-07-19,16:30,18:30,,Parc Fontaine,Parc Fontaine,Plage horaire,,ASSOCIATION BASEBALL AMATEUR DE HULL,,,,,,,,,,,"9U A Mixte, 9U A Masculin, 9U B Mixte, 9U B Masculin, 11U A Mixte, 11U A Masculin, 11U B Mixte, 11U B Masculin, 9U A Féminin, 9U B Féminin, 11U A Féminin",,
2025-07-19,18:30,20:30,,Parc Fontaine,Parc Fontaine,Plage horaire,,ASSOCIATION BASEBALL AMATEUR DE HULL,,,,,,,,,,,"9U A Mixte, 9U A Masculin, 9U B Mixte, 9U B Masculin, 11U A Mixte, 11U A Masculin, 11U B Mixte, 11U B Masculin, 9U A Féminin, 9U B Féminin, 11U A Féminin",,
2025-07-19,20:30,22:30,,Parc Fontaine,Parc Fontaine,Plage horaire,,ASSOCIATION BASEBALL AMATEUR DE HULL,,,,,,,,,,,"9U A Mixte, 9U A Masculin, 9U B Mixte, 9U B Masculin, 11U A Mixte, 11U A Masculin, 11U B Mixte, 11U B Masculin, 9U A Féminin, 9U B Féminin, 11U A Féminin",,
2025-07-20,08:30,10:30,,Parc Fontaine,Parc Fontaine,Plage horaire,,ASSOCIATION BASEBALL AMATEUR DE HULL,,,,,,,,,,,"9U A Mixte, 9U A Masculin, 9U B Mixte, 9U B Masculin, 11U A Mixte, 11U A Masculin, 11U B Mixte, 11U B Masculin, 9U A Féminin, 9U B Féminin, 11U A Féminin",,
2025-07-20,10:30,12:30,,Parc Fontaine,Parc Fontaine,Plage horaire,,ASSOCIATION BASEBALL AMATEUR DE HULL,,,,,,,,,,,"9U A Mixte, 9U A Masculin, 9U B Mixte, 9U B Masculin, 11U A Mixte, 11U A Masculin, 11U B Mixte, 11U B Masculin, 9U A Féminin, 9U B Féminin, 11U A Féminin",,
2025-07-20,12:30,14:30,,Parc Fontaine,Parc Fontaine,Plage horaire,,ASSOCIATION BASEBALL AMATEUR DE HULL,,,,,,,,,,,"9U A Mixte, 9U A Masculin, 9U B Mixte, 9U B Masculin, 11U A Mixte, 11U A Masculin, 11U B Mixte, 11U B Masculin, 9U A Féminin, 9U B Féminin, 11U A Féminin",,
2025-07-20,14:30,16:30,,Parc Fontaine,Parc Fontaine,Plage horaire,,ASSOCIATION BASEBALL AMATEUR DE HULL,,,,,,,,,,,"9U A Mixte, 9U A Masculin, 9U B Mixte, 9U B Masculin, 11U A Mixte, 11U A Masculin, 11U B Mixte, 11U B Masculin, 9U A Féminin, 9U B Féminin, 11U A Féminin",,
2025-07-20,16:30,18:30,,Parc Fontaine,Parc Fontaine,Plage horaire,,ASSOCIATION BASEBALL AMATEUR DE HULL,,,,,,,,,,,"9U A Mixte, 9U A Masculin, 9U B Mixte, 9U B Masculin, 11U A Mixte, 11U A Masculin, 11U B Mixte, 11U B Masculin, 9U A Féminin, 9U B Féminin, 11U A Féminin",,
2025-07-20,18:30,20:30,,Parc Fontaine,Parc Fontaine,Plage horaire,,ASSOCIATION BASEBALL AMATEUR DE HULL,,,,,,,,,,,"9U A Mixte, 9U A Masculin, 9U B Mixte, 9U B Masculin, 11U A Mixte, 11U A Masculin, 11U B Mixte, 11U B Masculin, 9U A Féminin, 9U B Féminin, 11U A Féminin",,
2025-07-20,20:30,22:30,,Parc Fontaine,Parc Fontaine,Plage horaire,,ASSOCIATION BASEBALL AMATEUR DE HULL,,,,,,,,,,,"9U A Mixte, 9U A Masculin, 9U B Mixte, 9U B Masculin, 11U A Mixte, 11U A Masculin, 11U B Mixte, 11U B Masculin, 9U A Féminin, 9U B Féminin, 11U A Féminin",,
2025-07-21,18:15,20:15,,Parc Fontaine,Parc Fontaine,Plage horaire,,ASSOCIATION BASEBALL AMATEUR DE HULL,,,,,,,,,,LIGUE DE BASEBALL DE L'OUTAOUAIS,"9U A Mixte, 9U A Masculin, 9U B Mixte, 9U B Masculin, 11U A Mixte, 11U A Masculin, 11U B Mixte, 11U B Masculin, 9U A Féminin, 9U B Féminin, 11U A Féminin, 11U B Féminin",,
2025-07-21,20:15,22:15,,Parc Fontaine,Parc Fontaine,Plage horaire,,ASSOCIATION BASEBALL AMATEUR DE HULL,,,,,,,,,,LIGUE DE BASEBALL DE L'OUTAOUAIS,"9U A Mixte, 9U A Masculin, 9U B Mixte, 9U B Masculin, 11U A Mixte, 11U A Masculin, 11U B Mixte, 11U B Masculin, 9U A Féminin, 9U B Féminin, 11U A Féminin, 11U B Féminin",,
2025-07-22,18:15,20:15,,Parc Fontaine,Parc Fontaine,Plage horaire,,ASSOCIATION BASEBALL AMATEUR DE HULL,,,,,,,,,,LIGUE DE BASEBALL DE L'OUTAOUAIS,"9U A Mixte, 9U A Masculin, 9U B Mixte, 9U B Masculin, 11U A Mixte, 11U A Masculin, 11U B Mixte, 11U B Masculin, 9U A Féminin, 9U B Féminin, 11U A Féminin, 11U B Féminin",,
2025-07-22,20:15,22:15,,Parc Fontaine,Parc Fontaine,Plage horaire,,ASSOCIATION BASEBALL AMATEUR DE HULL,,,,,,,,,,LIGUE DE BASEBALL DE L'OUTAOUAIS,"9U A Mixte, 9U A Masculin, 9U B Mixte, 9U B Masculin, 11U A Mixte, 11U A Masculin, 11U B Mixte, 11U B Masculin, 9U A Féminin, 9U B Féminin, 11U A Féminin, 11U B Féminin",,
2025-07-23,18:15,20:15,,Parc Fontaine,Parc Fontaine,Plage horaire,,ASSOCIATION BASEBALL AMATEUR DE HULL,,,,,,,,,,LIGUE DE BASEBALL DE L'OUTAOUAIS,"9U A Mixte, 9U A Masculin, 9U B Mixte, 9U B Masculin, 11U A Mixte, 11U A Masculin, 11U B Mixte, 11U B Masculin, 9U A Féminin, 9U B Féminin, 11U A Féminin, 11U B Féminin",,
2025-07-23,20:15,22:15,,Parc Fontaine,Parc Fontaine,Plage horaire,,ASSOCIATION BASEBALL AMATEUR DE HULL,,,,,,,,,,LIGUE DE BASEBALL DE L'OUTAOUAIS,"9U A Mixte, 9U A Masculin, 9U B Mixte, 9U B Masculin, 11U A Mixte, 11U A Masculin, 11U B Mixte, 11U B Masculin, 9U A Féminin, 9U B Féminin, 11U A Féminin, 11U B Féminin",,
2025-07-24,18:15,20:15,,Parc Fontaine,Parc Fontaine,Plage horaire,,ASSOCIATION BASEBALL AMATEUR DE HULL,,,,,,,,,,LIGUE DE BASEBALL DE L'OUTAOUAIS,"9U A Mixte, 9U A Masculin, 9U B Mixte, 9U B Masculin, 11U A Mixte, 11U A Masculin, 11U B Mixte, 11U B Masculin, 9U A Féminin, 9U B Féminin, 11U A Féminin, 11U B Féminin",,
2025-07-24,20:15,22:15,,Parc Fontaine,Parc Fontaine,Plage horaire,,ASSOCIATION BASEBALL AMATEUR DE HULL,,,,,,,,,,LIGUE DE BASEBALL DE L'OUTAOUAIS,"9U A Mixte, 9U A Masculin, 9U B Mixte, 9U B Masculin, 11U A Mixte, 11U A Masculin, 11U B Mixte, 11U B Masculin, 9U A Féminin, 9U B Féminin, 11U A Féminin, 11U B Féminin",,
2025-07-25,18:15,20:15,,Parc Fontaine,Parc Fontaine,Plage horaire,,ASSOCIATION BASEBALL AMATEUR DE HULL,,,,,,,,,,LIGUE DE BASEBALL DE L'OUTAOUAIS,"9U A Mixte, 9U A Masculin, 9U B Mixte, 9U B Masculin, 11U A Mixte, 11U A Masculin, 11U B Mixte, 11U B Masculin, 9U A Féminin, 9U B Féminin, 11U A Féminin, 11U B Féminin",,
2025-07-25,20:15,22:15,,Parc Fontaine,Parc Fontaine,Plage horaire,,ASSOCIATION BASEBALL AMATEUR DE HULL,,,,,,,,,,LIGUE DE BASEBALL DE L'OUTAOUAIS,"9U A Mixte, 9U A Masculin, 9U B Mixte, 9U B Masculin, 11U A Mixte, 11U A Masculin, 11U B Mixte, 11U B Masculin, 9U A Féminin, 9U B Féminin, 11U A Féminin, 11U B Féminin",,
2025-07-26,08:30,10:30,,Parc Fontaine,Parc Fontaine,Plage horaire,,ASSOCIATION BASEBALL AMATEUR DE HULL,,,,,,,,,,,"9U A Mixte, 9U A Masculin, 9U B Mixte, 9U B Masculin, 11U A Mixte, 11U A Masculin, 11U B Mixte, 11U B Masculin, 9U A Féminin, 9U B Féminin, 11U A Féminin",,
2025-07-26,10:30,12:30,,Parc Fontaine,Parc Fontaine,Plage horaire,,ASSOCIATION BASEBALL AMATEUR DE HULL,,,,,,,,,,,"9U A Mixte, 9U A Masculin, 9U B Mixte, 9U B Masculin, 11U A Mixte, 11U A Masculin, 11U B Mixte, 11U B Masculin, 9U A Féminin, 9U B Féminin, 11U A Féminin",,
2025-07-26,12:30,14:30,,Parc Fontaine,Parc Fontaine,Plage horaire,,ASSOCIATION BASEBALL AMATEUR DE HULL,,,,,,,,,,,"9U A Mixte, 9U A Masculin, 9U B Mixte, 9U B Masculin, 11U A Mixte, 11U A Masculin, 11U B Mixte, 11U B Masculin, 9U A Féminin, 9U B Féminin, 11U A Féminin",,
2025-07-26,14:30,16:30,,Parc Fontaine,Parc Fontaine,Plage horaire,,ASSOCIATION BASEBALL AMATEUR DE HULL,,,,,,,,,,,"9U A Mixte, 9U A Masculin, 9U B Mixte, 9U B Masculin, 11U A Mixte, 11U A Masculin, 11U B Mixte, 11U B Masculin, 9U A Féminin, 9U B Féminin, 11U A Féminin",,
2025-07-26,16:30,18:30,,Parc Fontaine,Parc Fontaine,Plage horaire,,ASSOCIATION BASEBALL AMATEUR DE HULL,,,,,,,,,,,"9U A Mixte, 9U A Masculin, 9U B Mixte, 9U B Masculin, 11U A Mixte, 11U A Masculin, 11U B Mixte, 11U B Masculin, 9U A Féminin, 9U B Féminin, 11U A Féminin",,
2025-07-26,18:30,20:30,,Parc Fontaine,Parc Fontaine,Plage horaire,,ASSOCIATION BASEBALL AMATEUR DE HULL,,,,,,,,,,,"9U A Mixte, 9U A Masculin, 9U B Mixte, 9U B Masculin, 11U A Mixte, 11U A Masculin, 11U B Mixte, 11U B Masculin, 9U A Féminin, 9U B Féminin, 11U A Féminin",,
2025-07-26,20:30,22:30,,Parc Fontaine,Parc Fontaine,Plage horaire,,ASSOCIATION BASEBALL AMATEUR DE HULL,,,,,,,,,,,"9U A Mixte, 9U A Masculin, 9U B Mixte, 9U B Masculin, 11U A Mixte, 11U A Masculin, 11U B Mixte, 11U B Masculin, 9U A Féminin, 9U B Féminin, 11U A Féminin",,
2025-07-27,08:30,10:30,,Parc Fontaine,Parc Fontaine,Plage horaire,,ASSOCIATION BASEBALL AMATEUR DE HULL,,,,,,,,,,,"9U A Mixte, 9U A Masculin, 9U B Mixte, 9U B Masculin, 11U A Mixte, 11U A Masculin, 11U B Mixte, 11U B Masculin, 9U A Féminin, 9U B Féminin, 11U A Féminin",,
2025-07-27,10:30,12:30,,Parc Fontaine,Parc Fontaine,Plage horaire,,ASSOCIATION BASEBALL AMATEUR DE HULL,,,,,,,,,,,"9U A Mixte, 9U A Masculin, 9U B Mixte, 9U B Masculin, 11U A Mixte, 11U A Masculin, 11U B Mixte, 11U B Masculin, 9U A Féminin, 9U B Féminin, 11U A Féminin",,
2025-07-27,12:30,14:30,,Parc Fontaine,Parc Fontaine,Plage horaire,,ASSOCIATION BASEBALL AMATEUR DE HULL,,,,,,,,,,,"9U A Mixte, 9U A Masculin, 9U B Mixte, 9U B Masculin, 11U A Mixte, 11U A Masculin, 11U B Mixte, 11U B Masculin, 9U A Féminin, 9U B Féminin, 11U A Féminin",,
2025-07-27,14:30,16:30,,Parc Fontaine,Parc Fontaine,Plage horaire,,ASSOCIATION BASEBALL AMATEUR DE HULL,,,,,,,,,,,"9U A Mixte, 9U A Masculin, 9U B Mixte, 9U B Masculin, 11U A Mixte, 11U A Masculin, 11U B Mixte, 11U B Masculin, 9U A Féminin, 9U B Féminin, 11U A Féminin",,
2025-07-27,16:30,18:30,,Parc Fontaine,Parc Fontaine,Plage horaire,,ASSOCIATION BASEBALL AMATEUR DE HULL,,,,,,,,,,,"9U A Mixte, 9U A Masculin, 9U B Mixte, 9U B Masculin, 11U A Mixte, 11U A Masculin, 11U B Mixte, 11U B Masculin, 9U A Féminin, 9U B Féminin, 11U A Féminin",,
2025-07-27,18:30,20:30,,Parc Fontaine,Parc Fontaine,Plage horaire,,ASSOCIATION BASEBALL AMATEUR DE HULL,,,,,,,,,,,"9U A Mixte, 9U A Masculin, 9U B Mixte, 9U B Masculin, 11U A Mixte, 11U A Masculin, 11U B Mixte, 11U B Masculin, 9U A Féminin, 9U B Féminin, 11U A Féminin",,
2025-07-27,20:30,22:30,,Parc Fontaine,Parc Fontaine,Plage horaire,,ASSOCIATION BASEBALL AMATEUR DE HULL,,,,,,,,,,,"9U A Mixte, 9U A Masculin, 9U B Mixte, 9U B Masculin, 11U A Mixte, 11U A Masculin, 11U B Mixte, 11U B Masculin, 9U A Féminin, 9U B Féminin, 11U A Féminin",,
2025-07-28,18:15,20:15,,Parc Fontaine,Parc Fontaine,Plage horaire,,ASSOCIATION BASEBALL AMATEUR DE HULL,,,,,,,,,,LIGUE DE BASEBALL DE L'OUTAOUAIS,"9U A Mixte, 9U A Masculin, 9U B Mixte, 9U B Masculin, 11U A Mixte, 11U A Masculin, 11U B Mixte, 11U B Masculin, 9U A Féminin, 9U B Féminin, 11U A Féminin, 11U B Féminin",,
2025-07-28,20:15,22:15,,Parc Fontaine,Parc Fontaine,Plage horaire,,ASSOCIATION BASEBALL AMATEUR DE HULL,,,,,,,,,,LIGUE DE BASEBALL DE L'OUTAOUAIS,"9U A Mixte, 9U A Masculin, 9U B Mixte, 9U B Masculin, 11U A Mixte, 11U A Masculin, 11U B Mixte, 11U B Masculin, 9U A Féminin, 9U B Féminin, 11U A Féminin, 11U B Féminin",,
2025-07-29,18:15,20:15,,Parc Fontaine,Parc Fontaine,Plage horaire,,ASSOCIATION BASEBALL AMATEUR DE HULL,,,,,,,,,,LIGUE DE BASEBALL DE L'OUTAOUAIS,"9U A Mixte, 9U A Masculin, 9U B Mixte, 9U B Masculin, 11U A Mixte, 11U A Masculin, 11U B Mixte, 11U B Masculin, 9U A Féminin, 9U B Féminin, 11U A Féminin, 11U B Féminin",,
2025-07-29,20:15,22:15,,Parc Fontaine,Parc Fontaine,Plage horaire,,ASSOCIATION BASEBALL AMATEUR DE HULL,,,,,,,,,,LIGUE DE BASEBALL DE L'OUTAOUAIS,"9U A Mixte, 9U A Masculin, 9U B Mixte, 9U B Masculin, 11U A Mixte, 11U A Masculin, 11U B Mixte, 11U B Masculin, 9U A Féminin, 9U B Féminin, 11U A Féminin, 11U B Féminin",,
2025-07-30,18:15,20:15,,Parc Fontaine,Parc Fontaine,Plage horaire,,ASSOCIATION BASEBALL AMATEUR DE HULL,,,,,,,,,,LIGUE DE BASEBALL DE L'OUTAOUAIS,"9U A Mixte, 9U A Masculin, 9U B Mixte, 9U B Masculin, 11U A Mixte, 11U A Masculin, 11U B Mixte, 11U B Masculin, 9U A Féminin, 9U B Féminin, 11U A Féminin, 11U B Féminin",,
2025-07-30,20:15,22:15,,Parc Fontaine,Parc Fontaine,Plage horaire,,ASSOCIATION BASEBALL AMATEUR DE HULL,,,,,,,,,,LIGUE DE BASEBALL DE L'OUTAOUAIS,"9U A Mixte, 9U A Masculin, 9U B Mixte, 9U B Masculin, 11U A Mixte, 11U A Masculin, 11U B Mixte, 11U B Masculin, 9U A Féminin, 9U B Féminin, 11U A Féminin, 11U B Féminin",,
2025-07-31,18:15,20:15,,Parc Fontaine,Parc Fontaine,Plage horaire,,ASSOCIATION BASEBALL AMATEUR DE HULL,,,,,,,,,,LIGUE DE BASEBALL DE L'OUTAOUAIS,"9U A Mixte, 9U A Masculin, 9U B Mixte, 9U B Masculin, 11U A Mixte, 11U A Masculin, 11U B Mixte, 11U B Masculin, 9U A Féminin, 9U B Féminin, 11U A Féminin, 11U B Féminin",,
2025-07-31,20:15,22:15,,Parc Fontaine,Parc Fontaine,Plage horaire,,ASSOCIATION BASEBALL AMATEUR DE HULL,,,,,,,,,,LIGUE DE BASEBALL DE L'OUTAOUAIS,"9U A Mixte, 9U A Masculin, 9U B Mixte, 9U B Masculin, 11U A Mixte, 11U A Masculin, 11U B Mixte, 11U B Masculin, 9U A Féminin, 9U B Féminin, 11U A Féminin, 11U B Féminin",,
2025-08-01,18:15,20:15,,Parc Fontaine,Parc Fontaine,Plage horaire,,ASSOCIATION BASEBALL AMATEUR DE HULL,,,,,,,,,,LIGUE DE BASEBALL DE L'OUTAOUAIS,"9U A Mixte, 9U A Masculin, 9U B Mixte, 9U B Masculin, 11U A Mixte, 11U A Masculin, 11U B Mixte, 11U B Masculin, 9U A Féminin, 9U B Féminin, 11U A Féminin, 11U B Féminin",,
2025-08-01,20:15,22:15,,Parc Fontaine,Parc Fontaine,Plage horaire,,ASSOCIATION BASEBALL AMATEUR DE HULL,,,,,,,,,,LIGUE DE BASEBALL DE L'OUTAOUAIS,"9U A Mixte, 9U A Masculin, 9U B Mixte, 9U B Masculin, 11U A Mixte, 11U A Masculin, 11U B Mixte, 11U B Masculin, 9U A Féminin, 9U B Féminin, 11U A Féminin, 11U B Féminin",,
2025-08-02,08:30,10:30,,Parc Fontaine,Parc Fontaine,Plage horaire,,ASSOCIATION BASEBALL AMATEUR DE HULL,,,,,,,,,,,"9U A Mixte, 9U A Masculin, 9U B Mixte, 9U B Masculin, 11U A Mixte, 11U A Masculin, 11U B Mixte, 11U B Masculin, 9U A Féminin, 9U B Féminin, 11U A Féminin",,
2025-08-02,10:30,12:30,,Parc Fontaine,Parc Fontaine,Plage horaire,,ASSOCIATION BASEBALL AMATEUR DE HULL,,,,,,,,,,,"9U A Mixte, 9U A Masculin, 9U B Mixte, 9U B Masculin, 11U A Mixte, 11U A Masculin, 11U B Mixte, 11U B Masculin, 9U A Féminin, 9U B Féminin, 11U A Féminin",,
2025-08-02,12:30,14:30,,Parc Fontaine,Parc Fontaine,Plage horaire,,ASSOCIATION BASEBALL AMATEUR DE HULL,,,,,,,,,,,"9U A Mixte, 9U A Masculin, 9U B Mixte, 9U B Masculin, 11U A Mixte, 11U A Masculin, 11U B Mixte, 11U B Masculin, 9U A Féminin, 9U B Féminin, 11U A Féminin",,
2025-08-02,14:30,16:30,,Parc Fontaine,Parc Fontaine,Plage horaire,,ASSOCIATION BASEBALL AMATEUR DE HULL,,,,,,,,,,,"9U A Mixte, 9U A Masculin, 9U B Mixte, 9U B Masculin, 11U A Mixte, 11U A Masculin, 11U B Mixte, 11U B Masculin, 9U A Féminin, 9U B Féminin, 11U A Féminin",,
2025-08-02,16:30,18:30,,Parc Fontaine,Parc Fontaine,Plage horaire,,ASSOCIATION BASEBALL AMATEUR DE HULL,,,,,,,,,,,"9U A Mixte, 9U A Masculin, 9U B Mixte, 9U B Masculin, 11U A Mixte, 11U A Masculin, 11U B Mixte, 11U B Masculin, 9U A Féminin, 9U B Féminin, 11U A Féminin",,
2025-08-02,18:30,20:30,,Parc Fontaine,Parc Fontaine,Plage horaire,,ASSOCIATION BASEBALL AMATEUR DE HULL,,,,,,,,,,,"9U A Mixte, 9U A Masculin, 9U B Mixte, 9U B Masculin, 11U A Mixte, 11U A Masculin, 11U B Mixte, 11U B Masculin, 9U A Féminin, 9U B Féminin, 11U A Féminin",,
2025-08-02,20:30,22:30,,Parc Fontaine,Parc Fontaine,Plage horaire,,ASSOCIATION BASEBALL AMATEUR DE HULL,,,,,,,,,,,"9U A Mixte, 9U A Masculin, 9U B Mixte, 9U B Masculin, 11U A Mixte, 11U A Masculin, 11U B Mixte, 11U B Masculin, 9U A Féminin, 9U B Féminin, 11U A Féminin",,
2025-08-03,08:30,10:30,,Parc Fontaine,Parc Fontaine,Plage horaire,,ASSOCIATION BASEBALL AMATEUR DE HULL,,,,,,,,,,,"9U A Mixte, 9U A Masculin, 9U B Mixte, 9U B Masculin, 11U A Mixte, 11U A Masculin, 11U B Mixte, 11U B Masculin, 9U A Féminin, 9U B Féminin, 11U A Féminin",,
2025-08-03,10:30,12:30,,Parc Fontaine,Parc Fontaine,Plage horaire,,ASSOCIATION BASEBALL AMATEUR DE HULL,,,,,,,,,,,"9U A Mixte, 9U A Masculin, 9U B Mixte, 9U B Masculin, 11U A Mixte, 11U A Masculin, 11U B Mixte, 11U B Masculin, 9U A Féminin, 9U B Féminin, 11U A Féminin",,
2025-08-03,12:30,14:30,,Parc Fontaine,Parc Fontaine,Plage horaire,,ASSOCIATION BASEBALL AMATEUR DE HULL,,,,,,,,,,,"9U A Mixte, 9U A Masculin, 9U B Mixte, 9U B Masculin, 11U A Mixte, 11U A Masculin, 11U B Mixte, 11U B Masculin, 9U A Féminin, 9U B Féminin, 11U A Féminin",,
2025-08-03,14:30,16:30,,Parc Fontaine,Parc Fontaine,Plage horaire,,ASSOCIATION BASEBALL AMATEUR DE HULL,,,,,,,,,,,"9U A Mixte, 9U A Masculin, 9U B Mixte, 9U B Masculin, 11U A Mixte, 11U A Masculin, 11U B Mixte, 11U B Masculin, 9U A Féminin, 9U B Féminin, 11U A Féminin",,
2025-08-03,16:30,18:30,,Parc Fontaine,Parc Fontaine,Plage horaire,,ASSOCIATION BASEBALL AMATEUR DE HULL,,,,,,,,,,,"9U A Mixte, 9U A Masculin, 9U B Mixte, 9U B Masculin, 11U A Mixte, 11U A Masculin, 11U B Mixte, 11U B Masculin, 9U A Féminin, 9U B Féminin, 11U A Féminin",,
2025-08-03,18:30,20:30,,Parc Fontaine,Parc Fontaine,Plage horaire,,ASSOCIATION BASEBALL AMATEUR DE HULL,,,,,,,,,,,"9U A Mixte, 9U A Masculin, 9U B Mixte, 9U B Masculin, 11U A Mixte, 11U A Masculin, 11U B Mixte, 11U B Masculin, 9U A Féminin, 9U B Féminin, 11U A Féminin",,
2025-08-03,20:30,22:30,,Parc Fontaine,Parc Fontaine,Plage horaire,,ASSOCIATION BASEBALL AMATEUR DE HULL,,,,,,,,,,,"9U A Mixte, 9U A Masculin, 9U B Mixte, 9U B Masculin, 11U A Mixte, 11U A Masculin, 11U B Mixte, 11U B Masculin, 9U A Féminin, 9U B Féminin, 11U A Féminin",,
2025-08-04,18:15,20:15,,Parc Fontaine,Parc Fontaine,Plage horaire,,ASSOCIATION BASEBALL AMATEUR DE HULL,,,,,,,,,,LIGUE DE BASEBALL DE L'OUTAOUAIS,"9U A Mixte, 9U A Masculin, 9U B Mixte, 9U B Masculin, 11U A Mixte, 11U A Masculin, 11U B Mixte, 11U B Masculin, 9U A Féminin, 9U B Féminin, 11U A Féminin, 11U B Féminin",,
2025-08-04,20:15,22:15,,Parc Fontaine,Parc Fontaine,Plage horaire,,ASSOCIATION BASEBALL AMATEUR DE HULL,,,,,,,,,,LIGUE DE BASEBALL DE L'OUTAOUAIS,"9U A Mixte, 9U A Masculin, 9U B Mixte, 9U B Masculin, 11U A Mixte, 11U A Masculin, 11U B Mixte, 11U B Masculin, 9U A Féminin, 9U B Féminin, 11U A Féminin, 11U B Féminin",,
2025-08-05,18:15,20:15,,Parc Fontaine,Parc Fontaine,Plage horaire,,ASSOCIATION BASEBALL AMATEUR DE HULL,,,,,,,,,,LIGUE DE BASEBALL DE L'OUTAOUAIS,"9U A Mixte, 9U A Masculin, 9U B Mixte, 9U B Masculin, 11U A Mixte, 11U A Masculin, 11U B Mixte, 11U B Masculin, 9U A Féminin, 9U B Féminin, 11U A Féminin, 11U B Féminin",,
2025-08-05,20:15,22:15,,Parc Fontaine,Parc Fontaine,Plage horaire,,ASSOCIATION BASEBALL AMATEUR DE HULL,,,,,,,,,,LIGUE DE BASEBALL DE L'OUTAOUAIS,"9U A Mixte, 9U A Masculin, 9U B Mixte, 9U B Masculin, 11U A Mixte, 11U A Masculin, 11U B Mixte, 11U B Masculin, 9U A Féminin, 9U B Féminin, 11U A Féminin, 11U B Féminin",,
2025-08-06,18:15,20:15,,Parc Fontaine,Parc Fontaine,Plage horaire,,ASSOCIATION BASEBALL AMATEUR DE HULL,,,,,,,,,,LIGUE DE BASEBALL DE L'OUTAOUAIS,"9U A Mixte, 9U A Masculin, 9U B Mixte, 9U B Masculin, 11U A Mixte, 11U A Masculin, 11U B Mixte, 11U B Masculin, 9U A Féminin, 9U B Féminin, 11U A Féminin, 11U B Féminin",,
2025-08-06,20:15,22:15,,Parc Fontaine,Parc Fontaine,Plage horaire,,ASSOCIATION BASEBALL AMATEUR DE HULL,,,,,,,,,,LIGUE DE BASEBALL DE L'OUTAOUAIS,"9U A Mixte, 9U A Masculin, 9U B Mixte, 9U B Masculin, 11U A Mixte, 11U A Masculin, 11U B Mixte, 11U B Masculin, 9U A Féminin, 9U B Féminin, 11U A Féminin, 11U B Féminin",,
2025-08-07,18:15,20:15,,Parc Fontaine,Parc Fontaine,Plage horaire,,ASSOCIATION BASEBALL AMATEUR DE HULL,,,,,,,,,,LIGUE DE BASEBALL DE L'OUTAOUAIS,"9U A Mixte, 9U A Masculin, 9U B Mixte, 9U B Masculin, 11U A Mixte, 11U A Masculin, 11U B Mixte, 11U B Masculin, 9U A Féminin, 9U B Féminin, 11U A Féminin, 11U B Féminin",,
2025-08-07,20:15,22:15,,Parc Fontaine,Parc Fontaine,Plage horaire,,ASSOCIATION BASEBALL AMATEUR DE HULL,,,,,,,,,,LIGUE DE BASEBALL DE L'OUTAOUAIS,"9U A Mixte, 9U A Masculin, 9U B Mixte, 9U B Masculin, 11U A Mixte, 11U A Masculin, 11U B Mixte, 11U B Masculin, 9U A Féminin, 9U B Féminin, 11U A Féminin, 11U B Féminin",,
2025-08-08,18:15,20:15,,Parc Fontaine,Parc Fontaine,Plage horaire,,ASSOCIATION BASEBALL AMATEUR DE HULL,,,,,,,,,,LIGUE DE BASEBALL DE L'OUTAOUAIS,"9U A Mixte, 9U A Masculin, 9U B Mixte, 9U B Masculin, 11U A Mixte, 11U A Masculin, 11U B Mixte, 11U B Masculin, 9U A Féminin, 9U B Féminin, 11U A Féminin, 11U B Féminin",,
2025-08-08,20:15,22:15,,Parc Fontaine,Parc Fontaine,Plage horaire,,ASSOCIATION BASEBALL AMATEUR DE HULL,,,,,,,,,,LIGUE DE BASEBALL DE L'OUTAOUAIS,,,
2025-08-09,08:30,10:30,,Parc Fontaine,Parc Fontaine,Plage horaire,,ASSOCIATION BASEBALL AMATEUR DE HULL,,,,,,,,,,,,,
2025-08-09,10:30,12:30,,Parc Fontaine,Parc Fontaine,Plage horaire,,ASSOCIATION BASEBALL AMATEUR DE HULL,,,,,,,,,,,,,
2025-08-09,12:30,14:30,,Parc Fontaine,Parc Fontaine,Plage horaire,,ASSOCIATION BASEBALL AMATEUR DE HULL,,,,,,,,,,,,,
2025-08-09,14:30,16:30,,Parc Fontaine,Parc Fontaine,Plage horaire,,ASSOCIATION BASEBALL AMATEUR DE HULL,,,,,,,,,,,,,
2025-08-09,16:30,18:30,,Parc Fontaine,Parc Fontaine,Plage horaire,,ASSOCIATION BASEBALL AMATEUR DE HULL,,,,,,,,,,,,,
2025-08-09,18:30,20:30,,Parc Fontaine,Parc Fontaine,Plage horaire,,ASSOCIATION BASEBALL AMATEUR DE HULL,,,,,,,,,,,,,
2025-08-09,20:30,22:30,,Parc Fontaine,Parc Fontaine,Plage horaire,,ASSOCIATION BASEBALL AMATEUR DE HULL,,,,,,,,,,,,,
2025-08-10,08:30,10:30,,Parc Fontaine,Parc Fontaine,Plage horaire,,ASSOCIATION BASEBALL AMATEUR DE HULL,,,,,,,,,,,,,
2025-08-10,10:30,12:30,,Parc Fontaine,Parc Fontaine,Plage horaire,,ASSOCIATION BASEBALL AMATEUR DE HULL,,,,,,,,,,,,,
2025-08-10,12:30,14:30,,Parc Fontaine,Parc Fontaine,Plage horaire,,ASSOCIATION BASEBALL AMATEUR DE HULL,,,,,,,,,,,,,
2025-08-10,14:30,16:30,,Parc Fontaine,Parc Fontaine,Plage horaire,,ASSOCIATION BASEBALL AMATEUR DE HULL,,,,,,,,,,,,,
2025-08-10,16:30,18:30,,Parc Fontaine,Parc Fontaine,Plage horaire,,ASSOCIATION BASEBALL AMATEUR DE HULL,,,,,,,,,,,,,
2025-08-10,18:30,20:30,,Parc Fontaine,Parc Fontaine,Plage horaire,,ASSOCIATION BASEBALL AMATEUR DE HULL,,,,,,,,,,,,,
2025-08-10,20:30,22:30,,Parc Fontaine,Parc Fontaine,Plage horaire,,ASSOCIATION BASEBALL AMATEUR DE HULL,,,,,,,,,,,,,
2025-08-11,18:15,20:15,,Parc Fontaine,Parc Fontaine,Plage horaire,,ASSOCIATION BASEBALL AMATEUR DE HULL,,,,,,,,,,LIGUE DE BASEBALL DE L'OUTAOUAIS,,,
2025-08-11,20:15,22:15,,Parc Fontaine,Parc Fontaine,Plage horaire,,ASSOCIATION BASEBALL AMATEUR DE HULL,,,,,,,,,,LIGUE DE BASEBALL DE L'OUTAOUAIS,,,
2025-08-12,18:15,20:15,,Parc Fontaine,Parc Fontaine,Plage horaire,,ASSOCIATION BASEBALL AMATEUR DE HULL,,,,,,,,,,LIGUE DE BASEBALL DE L'OUTAOUAIS,,,
2025-08-12,20:15,22:15,,Parc Fontaine,Parc Fontaine,Plage horaire,,ASSOCIATION BASEBALL AMATEUR DE HULL,,,,,,,,,,LIGUE DE BASEBALL DE L'OUTAOUAIS,,,
2025-08-13,18:15,20:15,,Parc Fontaine,Parc Fontaine,Plage horaire,,ASSOCIATION BASEBALL AMATEUR DE HULL,,,,,,,,,,LIGUE DE BASEBALL DE L'OUTAOUAIS,,,
2025-08-13,20:15,22:15,,Parc Fontaine,Parc Fontaine,Plage horaire,,ASSOCIATION BASEBALL AMATEUR DE HULL,,,,,,,,,,LIGUE DE BASEBALL DE L'OUTAOUAIS,,,
2025-08-14,18:15,20:15,,Parc Fontaine,Parc Fontaine,Plage horaire,,ASSOCIATION BASEBALL AMATEUR DE HULL,,,,,,,,,,LIGUE DE BASEBALL DE L'OUTAOUAIS,,,
2025-08-14,20:15,22:15,,Parc Fontaine,Parc Fontaine,Plage horaire,,ASSOCIATION BASEBALL AMATEUR DE HULL,,,,,,,,,,LIGUE DE BASEBALL DE L'OUTAOUAIS,,,
2025-08-15,18:15,20:15,,Parc Fontaine,Parc Fontaine,Plage horaire,,ASSOCIATION BASEBALL AMATEUR DE HULL,,,,,,,,,,LIGUE DE BASEBALL DE L'OUTAOUAIS,,,
2025-08-15,20:15,22:15,,Parc Fontaine,Parc Fontaine,Plage horaire,,ASSOCIATION BASEBALL AMATEUR DE HULL,,,,,,,,,,LIGUE DE BASEBALL DE L'OUTAOUAIS,,,
2025-08-16,08:30,10:30,,Parc Fontaine,Parc Fontaine,Plage horaire,,ASSOCIATION BASEBALL AMATEUR DE HULL,,,,,,,,,,,"9U A Mixte, 9U A Masculin, 9U B Mixte, 9U B Masculin, 11U A Mixte, 11U A Masculin, 11U B Mixte, 11U B Masculin, 9U A Féminin, 9U B Féminin, 11U A Féminin",,
2025-08-16,10:30,12:30,,Parc Fontaine,Parc Fontaine,Plage horaire,,ASSOCIATION BASEBALL AMATEUR DE HULL,,,,,,,,,,,"9U A Mixte, 9U A Masculin, 9U B Mixte, 9U B Masculin, 11U A Mixte, 11U A Masculin, 11U B Mixte, 11U B Masculin, 9U A Féminin, 9U B Féminin, 11U A Féminin",,
2025-08-16,12:30,14:30,,Parc Fontaine,Parc Fontaine,Plage horaire,,ASSOCIATION BASEBALL AMATEUR DE HULL,,,,,,,,,,,"9U A Mixte, 9U A Masculin, 9U B Mixte, 9U B Masculin, 11U A Mixte, 11U A Masculin, 11U B Mixte, 11U B Masculin, 9U A Féminin, 9U B Féminin, 11U A Féminin",,
2025-08-16,14:30,16:30,,Parc Fontaine,Parc Fontaine,Plage horaire,,ASSOCIATION BASEBALL AMATEUR DE HULL,,,,,,,,,,,"9U A Mixte, 9U A Masculin, 9U B Mixte, 9U B Masculin, 11U A Mixte, 11U A Masculin, 11U B Mixte, 11U B Masculin, 9U A Féminin, 9U B Féminin, 11U A Féminin",,
2025-08-16,16:30,18:30,,Parc Fontaine,Parc Fontaine,Plage horaire,,ASSOCIATION BASEBALL AMATEUR DE HULL,,,,,,,,,,,"9U A Mixte, 9U A Masculin, 9U B Mixte, 9U B Masculin, 11U A Mixte, 11U A Masculin, 11U B Mixte, 11U B Masculin, 9U A Féminin, 9U B Féminin, 11U A Féminin",,
2025-08-16,18:30,20:30,,Parc Fontaine,Parc Fontaine,Plage horaire,,ASSOCIATION BASEBALL AMATEUR DE HULL,,,,,,,,,,,"9U A Mixte, 9U A Masculin, 9U B Mixte, 9U B Masculin, 11U A Mixte, 11U A Masculin, 11U B Mixte, 11U B Masculin, 9U A Féminin, 9U B Féminin, 11U A Féminin",,
2025-08-16,20:30,22:30,,Parc Fontaine,Parc Fontaine,Plage horaire,,ASSOCIATION BASEBALL AMATEUR DE HULL,,,,,,,,,,,"9U A Mixte, 9U A Masculin, 9U B Mixte, 9U B Masculin, 11U A Mixte, 11U A Masculin, 11U B Mixte, 11U B Masculin, 9U A Féminin, 9U B Féminin, 11U A Féminin",,
2025-08-17,08:30,10:30,,Parc Fontaine,Parc Fontaine,Plage horaire,,ASSOCIATION BASEBALL AMATEUR DE HULL,,,,,,,,,,,"9U A Mixte, 9U A Masculin, 9U B Mixte, 9U B Masculin, 11U A Mixte, 11U A Masculin, 11U B Mixte, 11U B Masculin, 9U A Féminin, 9U B Féminin, 11U A Féminin",,
2025-08-17,10:30,12:30,,Parc Fontaine,Parc Fontaine,Plage horaire,,ASSOCIATION BASEBALL AMATEUR DE HULL,,,,,,,,,,,"9U A Mixte, 9U A Masculin, 9U B Mixte, 9U B Masculin, 11U A Mixte, 11U A Masculin, 11U B Mixte, 11U B Masculin, 9U A Féminin, 9U B Féminin, 11U A Féminin",,
2025-08-17,12:30,14:30,,Parc Fontaine,Parc Fontaine,Plage horaire,,ASSOCIATION BASEBALL AMATEUR DE HULL,,,,,,,,,,,"9U A Mixte, 9U A Masculin, 9U B Mixte, 9U B Masculin, 11U A Mixte, 11U A Masculin, 11U B Mixte, 11U B Masculin, 9U A Féminin, 9U B Féminin, 11U A Féminin",,
2025-08-17,14:30,16:30,,Parc Fontaine,Parc Fontaine,Plage horaire,,ASSOCIATION BASEBALL AMATEUR DE HULL,,,,,,,,,,,"9U A Mixte, 9U A Masculin, 9U B Mixte, 9U B Masculin, 11U A Mixte, 11U A Masculin, 11U B Mixte, 11U B Masculin, 9U A Féminin, 9U B Féminin, 11U A Féminin",,
2025-08-17,16:30,18:30,,Parc Fontaine,Parc Fontaine,Plage horaire,,ASSOCIATION BASEBALL AMATEUR DE HULL,,,,,,,,,,,"9U A Mixte, 9U A Masculin, 9U B Mixte, 9U B Masculin, 11U A Mixte, 11U A Masculin, 11U B Mixte, 11U B Masculin, 9U A Féminin, 9U B Féminin, 11U A Féminin",,
2025-08-17,18:30,20:30,,Parc Fontaine,Parc Fontaine,Plage horaire,,ASSOCIATION BASEBALL AMATEUR DE HULL,,,,,,,,,,,"9U A Mixte, 9U A Masculin, 9U B Mixte, 9U B Masculin, 11U A Mixte, 11U A Masculin, 11U B Mixte, 11U B Masculin, 9U A Féminin, 9U B Féminin, 11U A Féminin",,
2025-08-17,20:30,22:30,,Parc Fontaine,Parc Fontaine,Plage horaire,,ASSOCIATION BASEBALL AMATEUR DE HULL,,,,,,,,,,,"9U A Mixte, 9U A Masculin, 9U B Mixte, 9U B Masculin, 11U A Mixte, 11U A Masculin, 11U B Mixte, 11U B Masculin, 9U A Féminin, 9U B Féminin, 11U A Féminin",,
2025-08-18,18:15,20:15,,Parc Fontaine,Parc Fontaine,Plage horaire,,ASSOCIATION BASEBALL AMATEUR DE HULL,,,,,,,,,,LIGUE DE BASEBALL DE L'OUTAOUAIS,"9U A Mixte, 9U A Masculin, 9U B Mixte, 9U B Masculin, 11U A Mixte, 11U A Masculin, 11U B Mixte, 11U B Masculin, 9U A Féminin, 9U B Féminin, 11U A Féminin, 11U B Féminin",,
2025-08-18,20:15,22:15,,Parc Fontaine,Parc Fontaine,Plage horaire,,ASSOCIATION BASEBALL AMATEUR DE HULL,,,,,,,,,,LIGUE DE BASEBALL DE L'OUTAOUAIS,"9U A Mixte, 9U A Masculin, 9U B Mixte, 9U B Masculin, 11U A Mixte, 11U A Masculin, 11U B Mixte, 11U B Masculin, 9U A Féminin, 9U B Féminin, 11U A Féminin, 11U B Féminin",,
2025-08-19,18:15,20:15,,Parc Fontaine,Parc Fontaine,Plage horaire,,ASSOCIATION BASEBALL AMATEUR DE HULL,,,,,,,,,,LIGUE DE BASEBALL DE L'OUTAOUAIS,"9U A Mixte, 9U A Masculin, 9U B Mixte, 9U B Masculin, 11U A Mixte, 11U A Masculin, 11U B Mixte, 11U B Masculin, 9U A Féminin, 9U B Féminin, 11U A Féminin, 11U B Féminin",,
2025-08-19,20:15,22:15,,Parc Fontaine,Parc Fontaine,Plage horaire,,ASSOCIATION BASEBALL AMATEUR DE HULL,,,,,,,,,,LIGUE DE BASEBALL DE L'OUTAOUAIS,"9U A Mixte, 9U A Masculin, 9U B Mixte, 9U B Masculin, 11U A Mixte, 11U A Masculin, 11U B Mixte, 11U B Masculin, 9U A Féminin, 9U B Féminin, 11U A Féminin, 11U B Féminin",,
2025-08-20,18:15,20:15,,Parc Fontaine,Parc Fontaine,Plage horaire,,ASSOCIATION BASEBALL AMATEUR DE HULL,,,,,,,,,,LIGUE DE BASEBALL DE L'OUTAOUAIS,"9U A Mixte, 9U A Masculin, 9U B Mixte, 9U B Masculin, 11U A Mixte, 11U A Masculin, 11U B Mixte, 11U B Masculin, 9U A Féminin, 9U B Féminin, 11U A Féminin, 11U B Féminin",,
2025-08-20,20:15,22:15,,Parc Fontaine,Parc Fontaine,Plage horaire,,ASSOCIATION BASEBALL AMATEUR DE HULL,,,,,,,,,,LIGUE DE BASEBALL DE L'OUTAOUAIS,"9U A Mixte, 9U A Masculin, 9U B Mixte, 9U B Masculin, 11U A Mixte, 11U A Masculin, 11U B Mixte, 11U B Masculin, 9U A Féminin, 9U B Féminin, 11U A Féminin, 11U B Féminin",,
2025-08-21,18:15,20:15,,Parc Fontaine,Parc Fontaine,Plage horaire,,ASSOCIATION BASEBALL AMATEUR DE HULL,,,,,,,,,,LIGUE DE BASEBALL DE L'OUTAOUAIS,"9U A Mixte, 9U A Masculin, 9U B Mixte, 9U B Masculin, 11U A Mixte, 11U A Masculin, 11U B Mixte, 11U B Masculin, 9U A Féminin, 9U B Féminin, 11U A Féminin, 11U B Féminin",,
2025-08-21,20:15,22:15,,Parc Fontaine,Parc Fontaine,Plage horaire,,ASSOCIATION BASEBALL AMATEUR DE HULL,,,,,,,,,,LIGUE DE BASEBALL DE L'OUTAOUAIS,"9U A Mixte, 9U A Masculin, 9U B Mixte, 9U B Masculin, 11U A Mixte, 11U A Masculin, 11U B Mixte, 11U B Masculin, 9U A Féminin, 9U B Féminin, 11U A Féminin, 11U B Féminin",,
2025-08-22,18:15,20:15,,Parc Fontaine,Parc Fontaine,Plage horaire,,ASSOCIATION BASEBALL AMATEUR DE HULL,,,,,,,,,,LIGUE DE BASEBALL DE L'OUTAOUAIS,"9U A Mixte, 9U A Masculin, 9U B Mixte, 9U B Masculin, 11U A Mixte, 11U A Masculin, 11U B Mixte, 11U B Masculin, 9U A Féminin, 9U B Féminin, 11U A Féminin, 11U B Féminin",,
2025-08-22,20:15,22:15,,Parc Fontaine,Parc Fontaine,Plage horaire,,ASSOCIATION BASEBALL AMATEUR DE HULL,,,,,,,,,,LIGUE DE BASEBALL DE L'OUTAOUAIS,"9U A Mixte, 9U A Masculin, 9U B Mixte, 9U B Masculin, 11U A Mixte, 11U A Masculin, 11U B Mixte, 11U B Masculin, 9U A Féminin, 9U B Féminin, 11U A Féminin, 11U B Féminin",,
2025-08-25,18:15,20:15,,Parc Fontaine,Parc Fontaine,Plage horaire,,ASSOCIATION BASEBALL AMATEUR DE HULL,,,,,,,,,,LIGUE DE BASEBALL DE L'OUTAOUAIS,"9U A Mixte, 9U A Masculin, 9U B Mixte, 9U B Masculin, 11U A Mixte, 11U A Masculin, 11U B Mixte, 11U B Masculin, 9U A Féminin, 9U B Féminin, 11U A Féminin, 11U B Féminin",,
2025-08-25,20:15,22:15,,Parc Fontaine,Parc Fontaine,Plage horaire,,ASSOCIATION BASEBALL AMATEUR DE HULL,,,,,,,,,,LIGUE DE BASEBALL DE L'OUTAOUAIS,"9U A Mixte, 9U A Masculin, 9U B Mixte, 9U B Masculin, 11U A Mixte, 11U A Masculin, 11U B Mixte, 11U B Masculin, 9U A Féminin, 9U B Féminin, 11U A Féminin, 11U B Féminin",,
2025-08-26,18:15,20:15,,Parc Fontaine,Parc Fontaine,Plage horaire,,ASSOCIATION BASEBALL AMATEUR DE HULL,,,,,,,,,,LIGUE DE BASEBALL DE L'OUTAOUAIS,"9U A Mixte, 9U A Masculin, 9U B Mixte, 9U B Masculin, 11U A Mixte, 11U A Masculin, 11U B Mixte, 11U B Masculin, 9U A Féminin, 9U B Féminin, 11U A Féminin, 11U B Féminin",,
2025-08-26,20:15,22:15,,Parc Fontaine,Parc Fontaine,Plage horaire,,ASSOCIATION BASEBALL AMATEUR DE HULL,,,,,,,,,,LIGUE DE BASEBALL DE L'OUTAOUAIS,"9U A Mixte, 9U A Masculin, 9U B Mixte, 9U B Masculin, 11U A Mixte, 11U A Masculin, 11U B Mixte, 11U B Masculin, 9U A Féminin, 9U B Féminin, 11U A Féminin, 11U B Féminin",,
2025-08-27,18:15,20:15,,Parc Fontaine,Parc Fontaine,Plage horaire,,ASSOCIATION BASEBALL AMATEUR DE HULL,,,,,,,,,,LIGUE DE BASEBALL DE L'OUTAOUAIS,"9U A Mixte, 9U A Masculin, 9U B Mixte, 9U B Masculin, 11U A Mixte, 11U A Masculin, 11U B Mixte, 11U B Masculin, 9U A Féminin, 9U B Féminin, 11U A Féminin, 11U B Féminin",,
2025-08-27,20:15,22:15,,Parc Fontaine,Parc Fontaine,Plage horaire,,ASSOCIATION BASEBALL AMATEUR DE HULL,,,,,,,,,,LIGUE DE BASEBALL DE L'OUTAOUAIS,"9U A Mixte, 9U A Masculin, 9U B Mixte, 9U B Masculin, 11U A Mixte, 11U A Masculin, 11U B Mixte, 11U B Masculin, 9U A Féminin, 9U B Féminin, 11U A Féminin, 11U B Féminin",,
2025-08-28,18:15,20:15,,Parc Fontaine,Parc Fontaine,Plage horaire,,ASSOCIATION BASEBALL AMATEUR DE HULL,,,,,,,,,,LIGUE DE BASEBALL DE L'OUTAOUAIS,"9U A Mixte, 9U A Masculin, 9U B Mixte, 9U B Masculin, 11U A Mixte, 11U A Masculin, 11U B Mixte, 11U B Masculin, 9U A Féminin, 9U B Féminin, 11U A Féminin, 11U B Féminin",,
2025-08-28,20:15,22:15,,Parc Fontaine,Parc Fontaine,Plage horaire,,ASSOCIATION BASEBALL AMATEUR DE HULL,,,,,,,,,,LIGUE DE BASEBALL DE L'OUTAOUAIS,"9U A Mixte, 9U A Masculin, 9U B Mixte, 9U B Masculin, 11U A Mixte, 11U A Masculin, 11U B Mixte, 11U B Masculin, 9U A Féminin, 9U B Féminin, 11U A Féminin, 11U B Féminin",,
2025-08-29,18:15,20:15,,Parc Fontaine,Parc Fontaine,Plage horaire,,ASSOCIATION BASEBALL AMATEUR DE HULL,,,,,,,,,,LIGUE DE BASEBALL DE L'OUTAOUAIS,"9U A Mixte, 9U A Masculin, 9U B Mixte, 9U B Masculin, 11U A Mixte, 11U A Masculin, 11U B Mixte, 11U B Masculin, 9U A Féminin, 9U B Féminin, 11U A Féminin, 11U B Féminin",,
2025-08-29,20:15,22:15,,Parc Fontaine,Parc Fontaine,Plage horaire,,ASSOCIATION BASEBALL AMATEUR DE HULL,,,,,,,,,,LIGUE DE BASEBALL DE L'OUTAOUAIS,"9U A Mixte, 9U A Masculin, 9U B Mixte, 9U B Masculin, 11U A Mixte, 11U A Masculin, 11U B Mixte, 11U B Masculin, 9U A Féminin, 9U B Féminin, 11U A Féminin, 11U B Féminin",,
2025-08-30,08:30,10:30,,Parc Fontaine,Parc Fontaine,Plage horaire,,ASSOCIATION BASEBALL AMATEUR DE HULL,,,,,,,,,,,"9U A Mixte, 9U A Masculin, 9U B Mixte, 9U B Masculin, 11U A Mixte, 11U A Masculin, 11U B Mixte, 11U B Masculin, 9U A Féminin, 9U B Féminin, 11U A Féminin",,
2025-08-30,10:30,12:30,,Parc Fontaine,Parc Fontaine,Plage horaire,,ASSOCIATION BASEBALL AMATEUR DE HULL,,,,,,,,,,,"9U A Mixte, 9U A Masculin, 9U B Mixte, 9U B Masculin, 11U A Mixte, 11U A Masculin, 11U B Mixte, 11U B Masculin, 9U A Féminin, 9U B Féminin, 11U A Féminin",,
2025-08-30,12:30,14:30,,Parc Fontaine,Parc Fontaine,Plage horaire,,ASSOCIATION BASEBALL AMATEUR DE HULL,,,,,,,,,,,"9U A Mixte, 9U A Masculin, 9U B Mixte, 9U B Masculin, 11U A Mixte, 11U A Masculin, 11U B Mixte, 11U B Masculin, 9U A Féminin, 9U B Féminin, 11U A Féminin",,
2025-08-30,14:30,16:30,,Parc Fontaine,Parc Fontaine,Plage horaire,,ASSOCIATION BASEBALL AMATEUR DE HULL,,,,,,,,,,,"9U A Mixte, 9U A Masculin, 9U B Mixte, 9U B Masculin, 11U A Mixte, 11U A Masculin, 11U B Mixte, 11U B Masculin, 9U A Féminin, 9U B Féminin, 11U A Féminin",,
2025-08-30,16:30,18:30,,Parc Fontaine,Parc Fontaine,Plage horaire,,ASSOCIATION BASEBALL AMATEUR DE HULL,,,,,,,,,,,"9U A Mixte, 9U A Masculin, 9U B Mixte, 9U B Masculin, 11U A Mixte, 11U A Masculin, 11U B Mixte, 11U B Masculin, 9U A Féminin, 9U B Féminin, 11U A Féminin",,
2025-08-30,18:30,20:30,,Parc Fontaine,Parc Fontaine,Plage horaire,,ASSOCIATION BASEBALL AMATEUR DE HULL,,,,,,,,,,,"9U A Mixte, 9U A Masculin, 9U B Mixte, 9U B Masculin, 11U A Mixte, 11U A Masculin, 11U B Mixte, 11U B Masculin, 9U A Féminin, 9U B Féminin, 11U A Féminin",,
2025-08-30,20:30,22:30,,Parc Fontaine,Parc Fontaine,Plage horaire,,ASSOCIATION BASEBALL AMATEUR DE HULL,,,,,,,,,,,"9U A Mixte, 9U A Masculin, 9U B Mixte, 9U B Masculin, 11U A Mixte, 11U A Masculin, 11U B Mixte, 11U B Masculin, 9U A Féminin, 9U B Féminin, 11U A Féminin",,
2025-08-31,08:30,10:30,,Parc Fontaine,Parc Fontaine,Plage horaire,,ASSOCIATION BASEBALL AMATEUR DE HULL,,,,,,,,,,,"9U A Mixte, 9U A Masculin, 9U B Mixte, 9U B Masculin, 11U A Mixte, 11U A Masculin, 11U B Mixte, 11U B Masculin, 9U A Féminin, 9U B Féminin, 11U A Féminin",,
2025-08-31,10:30,12:30,,Parc Fontaine,Parc Fontaine,Plage horaire,,ASSOCIATION BASEBALL AMATEUR DE HULL,,,,,,,,,,,"9U A Mixte, 9U A Masculin, 9U B Mixte, 9U B Masculin, 11U A Mixte, 11U A Masculin, 11U B Mixte, 11U B Masculin, 9U A Féminin, 9U B Féminin, 11U A Féminin",,
2025-08-31,12:30,14:30,,Parc Fontaine,Parc Fontaine,Plage horaire,,ASSOCIATION BASEBALL AMATEUR DE HULL,,,,,,,,,,,"9U A Mixte, 9U A Masculin, 9U B Mixte, 9U B Masculin, 11U A Mixte, 11U A Masculin, 11U B Mixte, 11U B Masculin, 9U A Féminin, 9U B Féminin, 11U A Féminin",,
2025-08-31,14:30,16:30,,Parc Fontaine,Parc Fontaine,Plage horaire,,ASSOCIATION BASEBALL AMATEUR DE HULL,,,,,,,,,,,"9U A Mixte, 9U A Masculin, 9U B Mixte, 9U B Masculin, 11U A Mixte, 11U A Masculin, 11U B Mixte, 11U B Masculin, 9U A Féminin, 9U B Féminin, 11U A Féminin",,
2025-08-31,16:30,18:30,,Parc Fontaine,Parc Fontaine,Plage horaire,,ASSOCIATION BASEBALL AMATEUR DE HULL,,,,,,,,,,,"9U A Mixte, 9U A Masculin, 9U B Mixte, 9U B Masculin, 11U A Mixte, 11U A Masculin, 11U B Mixte, 11U B Masculin, 9U A Féminin, 9U B Féminin, 11U A Féminin",,
2025-08-31,18:30,20:30,,Parc Fontaine,Parc Fontaine,Plage horaire,,ASSOCIATION BASEBALL AMATEUR DE HULL,,,,,,,,,,,"9U A Mixte, 9U A Masculin, 9U B Mixte, 9U B Masculin, 11U A Mixte, 11U A Masculin, 11U B Mixte, 11U B Masculin, 9U A Féminin, 9U B Féminin, 11U A Féminin",,
2025-08-31,20:30,22:30,,Parc Fontaine,Parc Fontaine,Plage horaire,,ASSOCIATION BASEBALL AMATEUR DE HULL,,,,,,,,,,,"9U A Mixte, 9U A Masculin, 9U B Mixte, 9U B Masculin, 11U A Mixte, 11U A Masculin, 11U B Mixte, 11U B Masculin, 9U A Féminin, 9U B Féminin, 11U A Féminin",,
2025-09-01,18:15,20:15,,Parc Fontaine,Parc Fontaine,Plage horaire,,ASSOCIATION BASEBALL AMATEUR DE HULL,,,,,,,,,,LIGUE DE BASEBALL DE L'OUTAOUAIS,"9U A Mixte, 9U A Masculin, 9U B Mixte, 9U B Masculin, 11U A Mixte, 11U A Masculin, 11U B Mixte, 11U B Masculin, 9U A Féminin, 9U B Féminin, 11U A Féminin, 11U B Féminin",,
2025-09-01,20:15,22:15,,Parc Fontaine,Parc Fontaine,Plage horaire,,ASSOCIATION BASEBALL AMATEUR DE HULL,,,,,,,,,,LIGUE DE BASEBALL DE L'OUTAOUAIS,"9U A Mixte, 9U A Masculin, 9U B Mixte, 9U B Masculin, 11U A Mixte, 11U A Masculin, 11U B Mixte, 11U B Masculin, 9U A Féminin, 9U B Féminin, 11U A Féminin, 11U B Féminin",,